Data,Nº Nota Fiscal,Placa,Fornecedor,Km Inicial,Km Final,Km Total,Qtde. Litros,Média,Peso,Média Peso,Desconto,Valor Total,Centro de Custo,Plano de Contas
1/1/2025,,PES-6F45,GF COMERCIO DE DERIVADOS DE PETROLEO LTDA,1134172,1134487,315,"300,00","1,05","0,00","0,00","R$ 0,00 ","R$ 1.788,00 ",COMBUSTIVEL ,DESP. PRODUCAO   
1/1/2025,,QQN-8J78,A M REVENDEDORA DE COMBUSTIVEIS LTDA,576322,578002,1680,"50,83","33,05","0,00","0,00","R$ 0,00 ","R$ 303,96 ",COMBUSTIVEL ,DESP. PRODUCAO   
1/1/2025,,QQN-8J78,GF COMERCIO DE DERIVADOS DE PETROLEO LTDA,578002,578020,18,"515,01","0,03","0,00","0,00","R$ 0,00 ","R$ 3.069,46 ",COMBUSTIVEL ,DESP. PRODUCAO   
1/2/2025,,QQN-8J78,TREVO DERIVADOS DE PETROLEO LTDA,578020,578374,354,"100,00","3,54","0,00","0,00","R$ 0,00 ","R$ 605,00 ",COMBUSTIVEL ,DESP. PRODUCAO   
1/2/2025,,PES-6F45,GAM COMERCIO DE COMBUSTIVEIS LTDA,1134487,1134968,481,"300,00","1,60","0,00","0,00","R$ 0,00 ","R$ 1.779,00 ",COMBUSTIVEL ,DESP. PRODUCAO   
1/2/2025,,RCP-3F78,AUTO POSTO ALVARES E DUTRA COMERCIO DE COMBUSTIVEIS LTDA,462785,463987,1202,"553,54","2,17","0,00","0,00","R$ 0,00 ","R$ 3.205,00 ",COMBUSTIVEL ,DESP. PRODUCAO   
1/3/2025,,QQN-8J78,GF COMERCIO DE DERIVADOS DE PETROLEO LTDA,578374,578724,350,"153,87","2,27","0,00","0,00","R$ 0,00 ","R$ 917,07 ",COMBUSTIVEL ,DESP. PRODUCAO   
1/3/2025,,PFB-2A13,AUTO POSTO ALVARES E DUTRA COMERCIO DE COMBUSTIVEIS LTDA,1045192,1045334,142,"211,59","0,67","0,00","0,00","R$ 0,00 ","R$ 1.203,95 ",COMBUSTIVEL ,DESP. PRODUCAO   
1/4/2025,,SNO-6F99,AUTO POSTO ALVARES E DUTRA COMERCIO DE COMBUSTIVEIS LTDA,110798,112469,1671,"708,26","2,36","0,00","0,00","R$ 0,00 ","R$ 4.030,00 ",COMBUSTIVEL ,DESP. PRODUCAO   
1/4/2025,,SOC-0G05,AUTO POSTO ALVARES E DUTRA COMERCIO DE COMBUSTIVEIS LTDA,59960,60562,602,"241,67","2,49","0,00","0,00","R$ 0,00 ","R$ 1.375,10 ",COMBUSTIVEL ,DESP. PRODUCAO   
1/5/2025,,SOC-0G05,GF COMERCIO DE DERIVADOS DE PETROLEO LTDA,60562,61547,985,"234,02","4,21","0,00","0,00","R$ 0,00 ","R$ 1.394,76 ",COMBUSTIVEL ,DESP. PRODUCAO   
1/5/2025,,RCP-3F78,AUTO POSTO ALVARES E DUTRA COMERCIO DE COMBUSTIVEIS LTDA,463987,465337,1350,"338,48","3,99","0,00","0,00","R$ 0,00 ","R$ 1.925,95 ",COMBUSTIVEL ,DESP. PRODUCAO   
1/5/2025,,QQN-8J78,POSTO DE COMBUSTIVEL ALTO DA SERRA LTDA,578724,580098,1374,"100,01","13,74","0,00","0,00","R$ 0,00 ","R$ 622,06 ",COMBUSTIVEL ,DESP. PRODUCAO   
1/5/2025,,QQN-8J78,FABIANA ANDREIA CHIAPARINI & CIA LTDA,580098,580309,211,"100,00","2,11","0,00","0,00","R$ 0,00 ","R$ 615,00 ",COMBUSTIVEL ,DESP. PRODUCAO   
1/5/2025,,PFB-2A13,COMERCIO DE COMBUSTIVEIS ABREU E LIMA LTDA,1045334,1046409,1075,"50,00","21,50","0,00","0,00","R$ 0,00 ","R$ 299,50 ",COMBUSTIVEL ,DESP. PRODUCAO   
1/5/2025,,SNO-6F99,GF COMERCIO DE DERIVADOS DE PETROLEO LTDA,112469,113443,974,"259,73","3,75","0,00","0,00","R$ 0,00 ","R$ 1.547,99 ",COMBUSTIVEL ,DESP. PRODUCAO   
1/6/2025,,QQN-8J78,GF COMERCIO DE DERIVADOS DE PETROLEO LTDA,580309,580414,105,"474,00","0,22","0,00","0,00","R$ 0,00 ","R$ 2.825,04 ",COMBUSTIVEL ,DESP. PRODUCAO   
1/7/2025,,PFB-2A13,AUTO POSTO ALVARES E DUTRA COMERCIO DE COMBUSTIVEIS LTDA,1046409,1046550,141,"200,00","0,70","0,00","0,00","R$ 0,00 ","R$ 1.138,00 ",COMBUSTIVEL ,DESP. PRODUCAO   
1/8/2025,,PFB-2A13,AUTO POSTO ALVARES E DUTRA COMERCIO DE COMBUSTIVEIS LTDA,1046550,1046720,170,"358,45","0,47","0,00","0,00","R$ 0,00 ","R$ 2.039,58 ",COMBUSTIVEL ,DESP. PRODUCAO   
1/8/2025,,SOC-0G05,GF COMERCIO DE DERIVADOS DE PETROLEO LTDA,61547,63229,1682,"200,00","8,41","0,00","0,00","R$ 0,00 ","R$ 1.192,00 ",COMBUSTIVEL ,DESP. PRODUCAO   
1/8/2025,,SNO-6F99,GF COMERCIO DE DERIVADOS DE PETROLEO LTDA,113443,115108,1665,"300,00","5,55","0,00","0,00","R$ 0,00 ","R$ 1.788,00 ",COMBUSTIVEL ,DESP. PRODUCAO   
1/8/2025,,SOC-0G05,TORRES COMERCIO E DERIVADOS DE PETROLEO LTDA,63229,63472,243,"100,00","2,43","0,00","0,00","R$ 0,00 ","R$ 591,00 ",COMBUSTIVEL ,DESP. PRODUCAO   
1/8/2025,,SOC-0G05,GAM COMERCIO DE COMBUSTIVEIS LTDA,63472,63712,240,"250,00","0,96","0,00","0,00","R$ 0,00 ","R$ 1.482,50 ",COMBUSTIVEL ,DESP. PRODUCAO   
1/9/2025,,SOC-0G05,AUTO POSTO ALVARES E DUTRA COMERCIO DE COMBUSTIVEIS LTDA,63712,64226,514,"100,00","5,14","0,00","0,00","R$ 0,00 ","R$ 569,00 ",COMBUSTIVEL ,DESP. PRODUCAO   
1/9/2025,,QQN-8J78,GAM COMERCIO DE COMBUSTIVEIS LTDA,580414,581583,1169,"464,88","2,51","0,00","0,00","R$ 0,00 ","R$ 2.756,74 ",COMBUSTIVEL ,DESP. PRODUCAO   
1/9/2025,,RCP-3F78,AUTO POSTO ALVARES E DUTRA COMERCIO DE COMBUSTIVEIS LTDA,465337,466949,1612,"415,79","3,88","0,00","0,00","R$ 0,00 ","R$ 2.365,85 ",COMBUSTIVEL ,DESP. PRODUCAO   
1/9/2025,,QIZ-3E10,AUTO POSTO RAINHA LTDA,540999,542646,1647,"303,41","5,43","0,00","0,00","R$ 0,00 ","R$ 1.781,02 ",COMBUSTIVEL ,DESP. PRODUCAO   
1/11/2025,,PES-6F45,DOMINGOS COMERCIAL DE COMBUSTIVEIS PLANALTO LTDA,1134968,1137414,2446,"162,15","15,08","0,00","0,00","R$ 0,00 ","R$ 1.019,92 ",COMBUSTIVEL ,DESP. PRODUCAO   
1/11/2025,,PFB-2A13,AUTO POSTO ALVARES E DUTRA COMERCIO DE COMBUSTIVEIS LTDA,1046720,1048276,1556,"394,84","3,94","0,00","0,00","R$ 0,00 ","R$ 2.246,64 ",COMBUSTIVEL ,DESP. PRODUCAO   
1/11/2025,,QQN-8J78,GF COMERCIO DE DERIVADOS DE PETROLEO LTDA,581583,582068,485,"141,28","3,43","0,00","0,00","R$ 0,00 ","R$ 842,03 ",COMBUSTIVEL ,DESP. PRODUCAO   
1/11/2025,,SOC-0G05,AUTO POSTO ALVARES E DUTRA COMERCIO DE COMBUSTIVEIS LTDA,64226,64568,342,"529,40","0,65","0,00","0,00","R$ 0,00 ","R$ 3.155,22 ",COMBUSTIVEL ,DESP. PRODUCAO   
1/12/2025,,QQN-8J78,POSTO DE COMBUSTIVEL ALTO DA SERRA LTDA,582068,583442,1374,"150,00","9,16","0,00","0,00","R$ 0,00 ","R$ 933,00 ",COMBUSTIVEL ,DESP. PRODUCAO   
1/12/2025,,SOC-0G05,GF COMERCIO DE DERIVADOS DE PETROLEO LTDA,64568,65555,987,"238,36","4,14","0,00","0,00","R$ 0,00 ","R$ 1.420,63 ",COMBUSTIVEL ,DESP. PRODUCAO   
1/12/2025,,QQN-8J78,GF COMERCIO DE DERIVADOS DE PETROLEO LTDA,583442,583737,295,"524,77","0,56","0,00","0,00","R$ 0,00 ","R$ 3.138,12 ",COMBUSTIVEL ,DESP. PRODUCAO   
1/13/2025,,SNO-6F99,GF COMERCIO DE DERIVADOS DE PETROLEO LTDA,115108,115803,695,"622,59","1,12","0,00","0,00","R$ 0,00 ","R$ 3.710,64 ",COMBUSTIVEL ,DESP. PRODUCAO   
1/13/2025,,RCP-3F78,INVESTGAS LOCACAO E INVESTIMENTO LIMITADA,466949,469244,2295,"560,45","4,09","0,00","0,00","R$ 0,00 ","R$ 3.245,01 ",COMBUSTIVEL ,DESP. PRODUCAO   
1/14/2025,,QQN-8J78,J. H . COMBUSTIVEIS LTDA,583737,584485,748,"262,48","2,85","0,00","0,00","R$ 0,00 ","R$ 1.569,63 ",COMBUSTIVEL ,DESP. PRODUCAO   
1/15/2025,,QIZ-3E10,AUTO POSTO ALVARES E DUTRA COMERCIO DE COMBUSTIVEIS LTDA,542646,543435,789,"300,00","2,63","0,00","0,00","R$ 0,00 ","R$ 1.797,00 ",COMBUSTIVEL ,DESP. PRODUCAO   
1/15/2025,,SOC-0G05,J. H . COMBUSTIVEIS LTDA,65555,67221,1666,"200,00","8,33","0,00","0,00","R$ 0,00 ","R$ 1.196,00 ",COMBUSTIVEL ,DESP. PRODUCAO   
1/15/2025,,EGJ-4B71,AUTO POSTO QUATRO IRMAOS LTDA,650445,650469,24,"200,00","0,12","0,00","0,00","R$ 0,00 ","R$ 1.198,00 ",COMBUSTIVEL ,DESP. PRODUCAO   
1/15/2025,,SOC-0G05,TORRES COMERCIO E DERIVADOS DE PETROLEO LTDA,67221,67486,265,"523,16","0,51","0,00","0,00","R$ 0,00 ","R$ 3.055,25 ",COMBUSTIVEL ,DESP. PRODUCAO   
1/15/2025,,PES-6F45,VILA JARDIM COMERCIO DE COMBUSTIVEL LTDA,1137414,1137898,484,"588,16","0,82","0,00","0,00","R$ 0,00 ","R$ 3.523,08 ",COMBUSTIVEL ,DESP. PRODUCAO   
1/16/2025,,PFB-2A13,AUTO POSTO QUATRO IRMAOS LTDA,1048276,1049766,1490,"200,00","7,45","0,00","0,00","R$ 0,00 ","R$ 1.198,00 ",COMBUSTIVEL ,DESP. PRODUCAO   
1/16/2025,,SNO-6F99,GF COMERCIO DE DERIVADOS DE PETROLEO LTDA,115803,117450,1647,"500,00","3,29","0,00","0,00","R$ 0,00 ","R$ 2.990,00 ",COMBUSTIVEL ,DESP. PRODUCAO   
1/16/2025,,QIZ-3E10,COMERCIO DE COMBUSTIVEIS JAQUEIRA LTDA,543435,544172,737,"537,68","1,37","0,00","0,00","R$ 0,00 ","R$ 3.140,05 ",COMBUSTIVEL ,DESP. PRODUCAO   
1/17/2025,,SNO-6F99,AUTO POSTO ALVARES E DUTRA COMERCIO DE COMBUSTIVEIS LTDA,117450,118451,1001,"100,00","10,01","0,00","0,00","R$ 0,00 ","R$ 599,00 ",COMBUSTIVEL ,DESP. PRODUCAO   
1/18/2025,,QQN-8J78,POSTO DE COMBUSTIVEL ALTO DA SERRA LTDA,584485,585844,1359,"150,01","9,06","0,00","0,00","R$ 0,00 ","R$ 954,06 ",COMBUSTIVEL ,DESP. PRODUCAO   
1/18/2025,,SNO-6F99,VILA JARDIM COMERCIO DE COMBUSTIVEL LTDA,118451,118512,61,"634,66","0,10","0,00","0,00","R$ 0,00 ","R$ 3.801,61 ",COMBUSTIVEL ,DESP. PRODUCAO   
1/18/2025,,QQN-8J78,J. H . COMBUSTIVEIS LTDA,585844,586139,295,"523,78","0,56","0,00","0,00","R$ 0,00 ","R$ 3.231,72 ",COMBUSTIVEL ,DESP. PRODUCAO   
1/20/2025,,RCP-3F78,ESCADA COMERCIAL DE COMBUSTIVEIS DOMINGOS LTDA,469244,470803,1559,"433,80","3,59","0,00","0,00","R$ 0,00 ","R$ 2.598,46 ",COMBUSTIVEL ,DESP. PRODUCAO   
1/20/2025,,SOC-0G05,POSTO INFINITY LTDA,67486,68894,1408,"200,00","7,04","0,00","0,00","R$ 0,00 ","R$ 1.218,00 ",COMBUSTIVEL ,DESP. PRODUCAO   
1/20/2025,,QIZ-3E10,AUTO POSTO GUARANY LTDA,544172,546011,1839,"150,00","12,26","0,00","0,00","R$ 0,00 ","R$ 1.030,50 ",COMBUSTIVEL ,DESP. PRODUCAO   
1/21/2025,,SOC-0G05,AUTO POSTO ALVARES E DUTRA COMERCIO DE COMBUSTIVEIS LTDA,68894,69250,356,"546,59","0,65","0,00","0,00","R$ 0,00 ","R$ 3.274,07 ",COMBUSTIVEL ,DESP. PRODUCAO   
1/21/2025,,QQN-8J78,J. H . COMBUSTIVEIS LTDA,586139,586884,745,"266,53","2,80","0,00","0,00","R$ 0,00 ","R$ 1.623,17 ",COMBUSTIVEL ,DESP. PRODUCAO   
1/21/2025,,SNO-6F99,PARADA CERTA COMERCIO DE COMBUSTIVEIS LTDA,118512,120269,1757,"649,38","2,71","0,00","0,00","R$ 0,00 ","R$ 3.889,79 ",COMBUSTIVEL ,DESP. PRODUCAO   
1/21/2025,,QIZ-3E10,PETROMERC DERIVADOS DE PETROLEO LTDA.,546011,546308,297,"200,00","1,49","0,00","0,00","R$ 0,00 ","R$ 1.214,00 ",COMBUSTIVEL ,DESP. PRODUCAO   
1/22/2025,,QIZ-3E10,GAM COMERCIO DE COMBUSTIVEIS LTDA,546308,546636,328,"350,00","0,94","0,00","0,00","R$ 0,00 ","R$ 2.096,50 ",COMBUSTIVEL ,DESP. PRODUCAO   
1/23/2025,,SOC-0G05,GF COMERCIO DE DERIVADOS DE PETROLEO LTDA,69250,70240,990,"233,22","4,24","0,00","0,00","R$ 0,00 ","R$ 1.390,02 ",COMBUSTIVEL ,DESP. PRODUCAO   
1/23/2025,,PFB-2A13,AUTO POSTO ALVARES E DUTRA COMERCIO DE COMBUSTIVEIS LTDA,1049766,1050402,636,"168,12","3,78","0,00","0,00","R$ 0,00 ","R$ 1.007,04 ",COMBUSTIVEL ,DESP. PRODUCAO   
1/23/2025,,SNO-6F99,GF COMERCIO DE DERIVADOS DE PETROLEO LTDA,120269,121361,1092,"328,00","3,33","0,00","0,00","R$ 0,00 ","R$ 1.954,89 ",COMBUSTIVEL ,DESP. PRODUCAO   
1/24/2025,,SNO-6F99,POEIRAO MEGA POSTO DE COMBUSTIVEIS LTDA,121361,121781,420,"132,43","3,17","0,00","0,00","R$ 0,00 ","R$ 821,07 ",COMBUSTIVEL ,DESP. PRODUCAO   
1/24/2025,,QIZ-3E10,AUTO POSTO DE COMBUSTIVEIS RIBEIRAO LTDA,546636,547509,873,"575,92","1,52","0,00","0,00","R$ 0,00 ","R$ 3.392,17 ",COMBUSTIVEL ,DESP. PRODUCAO   
1/24/2025,,QQN-8J78,POSTO DE COMBUSTIVEL ALTO DA SERRA LTDA,586884,588237,1353,"150,00","9,02","0,00","0,00","R$ 0,00 ","R$ 954,00 ",COMBUSTIVEL ,DESP. PRODUCAO   
1/24/2025,,QQN-8J78,J. H . COMBUSTIVEIS LTDA,588237,588532,295,"489,85","0,60","0,00","0,00","R$ 0,00 ","R$ 2.983,19 ",COMBUSTIVEL ,DESP. PRODUCAO   
1/25/2025,,EGJ-4B71,POSTO REFORCO 6 LTDA,650469,651344,875,"100,00","8,75","0,00","0,00","R$ 0,00 ","R$ 698,00 ",COMBUSTIVEL ,DESP. PRODUCAO   
1/25/2025,,SOC-0G05,GF COMERCIO DE DERIVADOS DE PETROLEO LTDA,70240,71929,1689,"602,36","2,80","0,00","0,00","R$ 0,00 ","R$ 3.590,07 ",COMBUSTIVEL ,DESP. PRODUCAO   
1/26/2025,,QIZ-3E10,JMF - COMERCIO DE COMBUSTIVEIS LTDA,547509,549121,1612,"200,00","8,06","0,00","0,00","R$ 0,00 ","R$ 1.378,00 ",COMBUSTIVEL ,DESP. PRODUCAO   
1/26/2025,,SNO-6F99,GF COMERCIO DE DERIVADOS DE PETROLEO LTDA,121781,123028,1247,"565,00","2,21","0,00","0,00","R$ 0,00 ","R$ 3.367,42 ",COMBUSTIVEL ,DESP. PRODUCAO   
1/27/2025,,PFB-2A13,AUTO POSTO ALVARES E DUTRA COMERCIO DE COMBUSTIVEIS LTDA,1050402,1051307,905,"200,00","4,53","0,00","0,00","R$ 0,00 ","R$ 1.178,00 ",COMBUSTIVEL ,DESP. PRODUCAO   
1/28/2025,,RCP-3F78,AUTO POSTO ALVARES E DUTRA COMERCIO DE COMBUSTIVEIS LTDA,470803,473096,2293,"300,00","7,64","0,00","0,00","R$ 0,00 ","R$ 1.767,00 ",COMBUSTIVEL ,DESP. PRODUCAO   
1/28/2025,,QQN-8J78,GF COMERCIO DE DERIVADOS DE PETROLEO LTDA,588532,590089,1557,"570,01","2,73","0,00","0,00","R$ 0,00 ","R$ 3.397,24 ",COMBUSTIVEL ,DESP. PRODUCAO   
1/28/2025,,QIZ-3E10,GF COMERCIO DE DERIVADOS DE PETROLEO LTDA,549121,550186,1065,"636,49","1,67","0,00","0,00","R$ 0,00 ","R$ 3.793,46 ",COMBUSTIVEL ,DESP. PRODUCAO   
1/28/2025,,SOC-0G05,RPMP COMERCIO DE COMBUSTIVEIS LTDA,73024,73807,783,"191,40","4,09","0,00","0,00","R$ 0,00 ","R$ 1.117,75 ",COMBUSTIVEL ,DESP. PRODUCAO   
1/28/2025,,PES-6F45,MARIAH COMERCIO DE COMBUSTIVEIS LTDA,1137898,1139136,1238,"535,46","2,31","0,00","0,00","R$ 0,00 ","R$ 3.153,86 ",COMBUSTIVEL ,DESP. PRODUCAO   
1/29/2025,,SNO-6F99,RPMP COMERCIO DE COMBUSTIVEIS LTDA,123028,124304,1276,"565,13","2,26","0,00","0,00","R$ 0,00 ","R$ 3.300,38 ",COMBUSTIVEL ,DESP. PRODUCAO   
1/29/2025,,PFB-2A13,JH COMBUSTIVEIS LTDA,1051307,1052823,1516,"303,11","5,00","0,00","0,00","R$ 0,00 ","R$ 1.755,03 ",COMBUSTIVEL ,DESP. PRODUCAO   
1/30/2025,,SOC-0G05,AUTO POSTO ALVARES E DUTRA COMERCIO DE COMBUSTIVEIS LTDA,71929,73024,1095,"474,56","2,31","0,00","0,00","R$ 0,00 ","R$ 2.795,17 ",COMBUSTIVEL ,DESP. PRODUCAO   
1/30/2025,,EGJ-4B71,POSTO XINGU LTDA,651344,651726,382,"100,00","3,82","0,00","0,00","R$ 0,00 ","R$ 599,02 ",COMBUSTIVEL ,DESP. PRODUCAO   
1/31/2025,,PES-6F45,AUTO POSTO DE COMBUSTIVEIS RIBEIRAO LTDA,1139136,1140577,1441,"200,00","7,20","0,00","0,00","R$ 0,00 ","R$ 1.178,00 ",COMBUSTIVEL ,DESP. PRODUCAO   
1/31/2025,,PES-6F45,,1140577,1140732,155,"441,20","0,35","0,00","0,00","R$ 0,00 ","R$ 2.642,79 ",COMBUSTIVEL ,DESP. PRODUCAO   
2/1/2025,,EGJ-4B71,ESCADA COMERCIAL DE COMBUSTIVEIS DOMINGOS LTDA,651726,651966,240,"300,00","0,80","0,00","0,00","R$ 0,00 ","R$ 1.767,00 ",COMBUSTIVEL ,DESP. PRODUCAO   
2/3/2025,,SOC-0G05,POEIRAO MEGA POSTO DE COMBUSTIVEIS LTDA,73807,75332,1525,"200,00","7,63","0,00","0,00","R$ 0,00 ","R$ 1.240,00 ",COMBUSTIVEL ,DESP. PRODUCAO   
2/3/2025,,PES-6F45,COMERCIO DE COMBUSTIVEIS ABREU E LIMA LTDA,1140732,1142403,1671,"200,00","8,35","0,00","0,00","R$ 0,00 ","R$ 1.258,00 ",COMBUSTIVEL ,DESP. PRODUCAO   
2/4/2025,,PES-6F45,POSTO IPIRANGAO LTDA,1142403,1142568,165,"464,50","0,36","0,00","0,00","R$ 0,00 ","R$ 2.921,71 ",COMBUSTIVEL ,DESP. PRODUCAO   
2/4/2025,,SOC-0G05,TORRES COMERCIO E DERIVADOS DE PETROLEO LTDA,75332,76004,672,"300,00","2,24","0,00","0,00","R$ 0,00 ","R$ 1.809,00 ",COMBUSTIVEL ,DESP. PRODUCAO   
2/5/2025,,SNO-6F99,POEIRAO MEGA POSTO DE COMBUSTIVEIS LTDA,124304,125841,1537,"200,00","7,68","0,00","0,00","R$ 0,00 ","R$ 1.240,00 ",COMBUSTIVEL ,DESP. PRODUCAO   
2/5/2025,,QIZ-3E10,AUTO POSTO ALVARES E DUTRA COMERCIO DE COMBUSTIVEIS LTDA,550186,551346,1160,"300,00","3,87","0,00","0,00","R$ 0,00 ","R$ 1.887,00 ",COMBUSTIVEL ,DESP. PRODUCAO   
2/6/2025,,SNO-6F99,GF COMERCIO DE DERIVADOS DE PETROLEO LTDA,125841,126263,422,"630,46","0,67","0,00","0,00","R$ 0,00 ","R$ 3.757,51 ",COMBUSTIVEL ,DESP. PRODUCAO   
2/6/2025,,PFB-2A13,AUTO POSTO ALVARES E DUTRA COMERCIO DE COMBUSTIVEIS LTDA,1052823,1054358,1535,"300,00","5,12","0,00","0,00","R$ 0,00 ","R$ 1.887,00 ",COMBUSTIVEL ,DESP. PRODUCAO   
2/6/2025,,QQN-8J78,POEIRAO MEGA POSTO DE COMBUSTIVEIS LTDA,590089,591447,1358,"200,00","6,79","0,00","0,00","R$ 0,00 ","R$ 1.230,00 ",COMBUSTIVEL ,DESP. PRODUCAO   
2/7/2025,,QQN-8J78,J. H . COMBUSTIVEIS LTDA,591447,591852,405,"533,01","0,76","0,00","0,00","R$ 0,00 ","R$ 3.230,01 ",COMBUSTIVEL ,DESP. PRODUCAO   
2/7/2025,,SOC-0G05,RPMP COMERCIO DE COMBUSTIVEIS LTDA,76004,76343,339,"438,09","0,77","0,00","0,00","R$ 0,00 ","R$ 2.611,03 ",COMBUSTIVEL ,DESP. PRODUCAO   
2/7/2025,,EGJ-4B71,PARADA CERTA COMERCIO DE COMBUSTIVEIS LTDA,651966,653051,1085,"200,00","5,43","0,00","0,00","R$ 0,00 ","R$ 1.252,00 ",COMBUSTIVEL ,DESP. PRODUCAO   
2/8/2025,,QIZ-3E10,COMERCIO DE COMBUSTIVEIS CACHOEIRA LTDA,551346,552650,1304,"631,24","2,07","0,00","0,00","R$ 0,00 ","R$ 3.749,55 ",COMBUSTIVEL ,DESP. PRODUCAO   
2/10/2025,,RCP-3F78,DOMINGOS COMERCIAL DE COMBUSTIVEIS PLANALTO LTDA,473096,473627,531,"428,69","1,24","0,00","0,00","R$ 0,00 ","R$ 2.696,46 ",COMBUSTIVEL ,DESP. PRODUCAO   
2/11/2025,,PES-6F45,GAM COMERCIO DE COMBUSTIVEIS LTDA,1142568,1143570,1002,"514,54","1,95","0,00","0,00","R$ 0,00 ","R$ 3.123,25 ",COMBUSTIVEL ,DESP. PRODUCAO   
2/11/2025,,QIZ-3E10,AUTO POSTO PAMONHAO LTDA,552650,554190,1540,"200,00","7,70","0,00","0,00","R$ 0,00 ","R$ 1.250,00 ",COMBUSTIVEL ,DESP. PRODUCAO   
2/11/2025,,SOC-0G05,AUTO POSTO PAMONHAO LTDA,76343,77854,1511,"200,00","7,55","0,00","0,00","R$ 0,00 ","R$ 1.250,00 ",COMBUSTIVEL ,DESP. PRODUCAO   
2/11/2025,,PFB-2A13,AUTO POSTO ALVARES E DUTRA COMERCIO DE COMBUSTIVEIS LTDA,1054358,1055155,797,"314,92","2,53","0,00","0,00","R$ 0,00 ","R$ 1.980,83 ",COMBUSTIVEL ,DESP. PRODUCAO   
2/11/2025,,SNO-6F99,MARIAH COMERCIO DE COMBUSTIVEIS LTDA,126263,127477,1214,"300,00","4,05","0,00","0,00","R$ 0,00 ","R$ 1.887,00 ",COMBUSTIVEL ,DESP. PRODUCAO   
2/11/2025,,QQN-8J78,VILA DE GOIANA COMERCIO DE COMBUSTIVEIS LTDA,591852,592936,1084,"300,00","3,61","0,00","0,00","R$ 0,00 ","R$ 1.872,00 ",COMBUSTIVEL ,DESP. PRODUCAO   
2/12/2025,,SOC-0G05,TORRES COMERCIO E DERIVADOS DE PETROLEO LTDA,77854,78527,673,"580,01","1,16","0,00","0,00","R$ 0,00 ","R$ 3.514,86 ",COMBUSTIVEL ,DESP. PRODUCAO   
2/12/2025,,QIZ-3E10,TORRES COMERCIO E DERIVADOS DE PETROLEO LTDA,554190,554869,679,"200,20","3,39","0,00","0,00","R$ 0,00 ","R$ 1.213,21 ",COMBUSTIVEL ,DESP. PRODUCAO   
2/12/2025,,SNO-6F99,AUTO POSTO POLO LTDA,127477,127680,203,"434,92","0,47","0,00","0,00","R$ 0,00 ","R$ 2.648,64 ",COMBUSTIVEL ,DESP. PRODUCAO   
2/13/2025,,PFB-2A13,POSTO PETROTURBO LTDA,1055155,1056425,1270,"330,05","3,85","0,00","0,00","R$ 0,00 ","R$ 2.009,99 ",COMBUSTIVEL ,DESP. PRODUCAO   
2/13/2025,,QQN-8J78,INVESTGAS LOCACAO E INVESTIMENTO LIMITADA,592936,593644,708,"479,31","1,48","0,00","0,00","R$ 0,00 ","R$ 3.000,48 ",COMBUSTIVEL ,DESP. PRODUCAO   
2/14/2025,,QIZ-3E10,COMERCIO DE COMBUSTIVEIS JAQUEIRA LTDA,554869,555093,224,"469,04","0,48","0,00","0,00","R$ 0,00 ","R$ 2.781,39 ",COMBUSTIVEL ,DESP. PRODUCAO   
2/15/2025,,QQN-8J78,DOMINGOS COMERCIAL DE COMBUSTIVEIS PLANALTO LTDA,593644,594987,1343,"200,00","6,72","0,00","0,00","R$ 0,00 ","R$ 1.188,00 ",COMBUSTIVEL ,DESP. PRODUCAO   
2/15/2025,,EGJ-4B71,ARLINDO DA FONSECA LINS & CIA LTDA,653051,653612,561,"200,00","2,81","0,00","0,00","R$ 0,00 ","R$ 1.258,00 ",COMBUSTIVEL ,DESP. PRODUCAO   
2/15/2025,,SOC-0G05,COMERCIO DE COMBUSTIVEIS JAQUEIRA LTDA,78527,80119,1592,"555,65","2,87","0,00","0,00","R$ 0,00 ","R$ 3.294,99 ",COMBUSTIVEL ,DESP. PRODUCAO   
2/16/2025,,RCP-3F78,ECO VIP COMERCIO DE COMBUSTIVEIS LTDA,473627,475822,2195,"288,93","7,60","0,00","0,00","R$ 0,00 ","R$ 1.808,70 ",COMBUSTIVEL ,DESP. PRODUCAO   
2/17/2025,,EGJ-4B71,VILA JARDIM COMERCIO DE COMBUSTIVEL LTDA,653612,654174,562,"100,00","5,62","0,00","0,00","R$ 0,00 ","R$ 626,00 ",COMBUSTIVEL ,DESP. PRODUCAO   
2/18/2025,,EGJ-4B71,J A D ARAUJO & CIA LTDA,654174,654339,165,"200,00","0,82","0,00","0,00","R$ 0,00 ","R$ 1.192,00 ",COMBUSTIVEL ,DESP. PRODUCAO   
2/19/2025,,SOC-0G05,POEIRAO MEGA POSTO DE COMBUSTIVEIS LTDA,80119,81647,1528,"200,00","7,64","0,00","0,00","R$ 0,00 ","R$ 1.244,00 ",COMBUSTIVEL ,DESP. PRODUCAO   
2/19/2025,,SOC-0G05,COMERCIO DE COMBUSTIVEIS JAQUEIRA LTDA,81647,82342,695,"592,16","1,17","0,00","0,00","R$ 0,00 ","R$ 3.511,51 ",COMBUSTIVEL ,DESP. PRODUCAO   
2/19/2025,,QQN-8J78,AUTO POSTO ALVARES E DUTRA COMERCIO DE COMBUSTIVEIS LTDA,594987,595471,484,"456,08","1,06","0,00","0,00","R$ 0,00 ","R$ 2.868,74 ",COMBUSTIVEL ,DESP. PRODUCAO   
2/19/2025,,QIZ-3E10,AUTO POSTO FRAGOSO LTDA,555093,556982,1889,"300,00","6,30","0,00","0,00","R$ 0,00 ","R$ 2.085,00 ",COMBUSTIVEL ,DESP. PRODUCAO   
2/19/2025,,PFB-2A13,AUTO POSTO ALVARES E DUTRA COMERCIO DE COMBUSTIVEIS LTDA,1056425,1057711,1286,"352,13","3,65","0,00","0,00","R$ 0,00 ","R$ 2.214,92 ",COMBUSTIVEL ,DESP. PRODUCAO   
2/20/2025,,QIZ-3E10,POSTO MINAS GERAIS LTDA -,556982,557499,517,"632,02","0,82","0,00","0,00","R$ 0,00 ","R$ 3.937,48 ",COMBUSTIVEL ,DESP. PRODUCAO   
2/21/2025,,RCP-3F78,POSTO ROTA BARCELONA LTDA,475822,478064,2242,"559,24","4,01","0,00","0,00","R$ 0,00 ","R$ 3.439,33 ",COMBUSTIVEL ,DESP. PRODUCAO   
2/21/2025,,SNO-6F99,GF COMERCIO DE DERIVADOS DE PETROLEO LTDA,127680,129366,1686,"646,48","2,61","0,00","0,00","R$ 0,00 ","R$ 3.853,04 ",COMBUSTIVEL ,DESP. PRODUCAO   
2/21/2025,,QQN-8J78,GF COMERCIO DE DERIVADOS DE PETROLEO LTDA,595471,596972,1501,"496,11","3,03","0,00","0,00","R$ 0,00 ","R$ 2.956,82 ",COMBUSTIVEL ,DESP. PRODUCAO   
2/22/2025,,SOC-0G05,RPMP COMERCIO DE COMBUSTIVEIS LTDA,82342,83933,1591,"571,35","2,78","0,00","0,00","R$ 0,00 ","R$ 3.388,12 ",COMBUSTIVEL ,DESP. PRODUCAO   
2/22/2025,,PES-6F45,AUTO POSTO COMPORTAS LTDA,1143570,1144977,1407,"350,01","4,02","0,00","0,00","R$ 0,00 ","R$ 2.152,54 ",COMBUSTIVEL ,DESP. PRODUCAO   
2/23/2025,,QQN-8J78,POEIRAO MEGA POSTO DE COMBUSTIVEIS LTDA,596972,598240,1268,"447,16","2,84","0,00","0,00","R$ 0,00 ","R$ 2.750,03 ",COMBUSTIVEL ,DESP. PRODUCAO   
2/23/2025,,SNO-6F99,BAHIA PIAUI COMBUSTIVEIS LTDA,129366,130674,1308,"498,10","2,63","0,00","0,00","R$ 0,00 ","R$ 3.232,69 ",COMBUSTIVEL ,DESP. PRODUCAO   
2/23/2025,,QIZ-3E10,REDE DE POSTOS MARAJO TOCANTINS LTDA,557499,559127,1628,"554,06","2,94","0,00","0,00","R$ 0,00 ","R$ 4.371,53 ",COMBUSTIVEL ,DESP. PRODUCAO   
2/23/2025,,PES-6F45,GAM COMERCIO DE COMBUSTIVEIS LTDA,1144977,1145643,666,"300,00","2,22","0,00","0,00","R$ 0,00 ","R$ 1.820,99 ",COMBUSTIVEL ,DESP. PRODUCAO   
2/24/2025,,PFB-2A13,AUTO POSTO ALVARES E DUTRA COMERCIO DE COMBUSTIVEIS LTDA,1057711,1058812,1101,"135,00","8,16","0,00","0,00","R$ 0,00 ","R$ 830,27 ",COMBUSTIVEL ,DESP. PRODUCAO   
2/25/2025,,EGJ-4B71,ECO VIP COMERCIO DE COMBUSTIVEIS LTDA,654339,655339,1000,"100,00","10,00","0,00","0,00","R$ 0,00 ","R$ 615,00 ",COMBUSTIVEL ,DESP. PRODUCAO   
2/25/2025,,SNO-6F99,R & LEAL COMBUSTIVEIS LTDA,130674,131064,390,"100,00","3,90","0,00","0,00","R$ 0,00 ","R$ 639,00 ",COMBUSTIVEL ,DESP. PRODUCAO   
2/25/2025,,RCP-3F78,ESCADA COMERCIAL DE COMBUSTIVEIS DOMINGOS LTDA,478064,479028,964,"256,91","3,75","0,00","0,00","R$ 0,00 ","R$ 1.580,00 ",COMBUSTIVEL ,DESP. PRODUCAO   
2/25/2025,,SOC-0G05,POEIRAO MEGA POSTO DE COMBUSTIVEIS LTDA,83933,85445,1512,"200,00","7,56","0,00","0,00","R$ 0,00 ","R$ 1.244,00 ",COMBUSTIVEL ,DESP. PRODUCAO   
2/25/2025,,QQN-8J78,REDE JG GONZAGAO COMERCIO DE COMBUSTIVEIS E LUBRIFICANTES LTDA,598240,599422,1182,"200,00","5,91","0,00","0,00","R$ 0,00 ","R$ 1.198,00 ",COMBUSTIVEL ,DESP. PRODUCAO   
2/26/2025,,EGJ-4B71,PARADA CERTA COMERCIO DE COMBUSTIVEIS LTDA,655339,656670,1331,"200,00","6,66","0,00","0,00","R$ 0,00 ","R$ 1.230,00 ",COMBUSTIVEL ,DESP. PRODUCAO   
2/26/2025,,SNO-6F99,SEVERINO ALMEIDA CHAVES,131064,132078,1014,"613,14","1,65","0,00","0,00","R$ 0,00 ","R$ 3.764,68 ",COMBUSTIVEL ,DESP. PRODUCAO   
2/26/2025,,SOC-0G05,TORRES COMERCIO E DERIVADOS DE PETROLEO LTDA,85445,86118,673,"300,00","2,24","0,00","0,00","R$ 0,00 ","R$ 1.770,00 ",COMBUSTIVEL ,DESP. PRODUCAO   
2/26/2025,,PES-6F45,M. SAO JOAO COMERCIO DE COMBUSTIVEL LTDA,1145643,1145954,311,"300,00","1,04","0,00","0,00","R$ 0,00 ","R$ 1.788,00 ",COMBUSTIVEL ,DESP. PRODUCAO   
2/27/2025,,QQN-8J78,POSTO SUL LTDA,600095,600611,516,"50,00","10,32","0,00","0,00","R$ 0,00 ","R$ 307,50 ",COMBUSTIVEL ,DESP. PRODUCAO   
2/27/2025,,QQN-8J78,LM DERIVADO DE PETROLEO LTDA,599422,600095,673,"200,00","3,37","0,00","0,00","R$ 0,00 ","R$ 1.246,00 ",COMBUSTIVEL ,DESP. PRODUCAO   
2/27/2025,,QIZ-3E10,POEIRAO MEGA POSTO DE COMBUSTIVEIS LTDA,559127,560764,1637,"200,00","8,19","0,00","0,00","R$ 0,00 ","R$ 1.230,00 ",COMBUSTIVEL ,DESP. PRODUCAO   
2/28/2025,,QQN-8J78,VILA JARDIM COMERCIO DE COMBUSTIVEL LTDA,600611,600656,45,"556,37","0,08","0,00","0,00","R$ 0,00 ","R$ 3.421,68 ",COMBUSTIVEL ,DESP. PRODUCAO   
2/28/2025,,QIZ-3E10,COMERCIO DE COMBUSTIVEIS JAQUEIRA LTDA,560764,561569,805,"620,87","1,30","0,00","0,00","R$ 0,00 ","R$ 3.638,29 ",COMBUSTIVEL ,DESP. PRODUCAO   
2/28/2025,,SOC-0G05,GAM COMERCIO DE COMBUSTIVEIS LTDA,86118,86511,393,"100,00","3,93","0,00","0,00","R$ 0,00 ","R$ 599,00 ",COMBUSTIVEL ,DESP. PRODUCAO   
2/28/2025,,PFB-2A13,AUTO POSTO POLO LTDA,1058812,1059689,877,"207,93","4,22","0,00","0,00","R$ 0,00 ","R$ 1.266,29 ",COMBUSTIVEL ,DESP. PRODUCAO   
2/28/2025,,SNO-6F99,POSTO SAO ROQUE CERRADAO LTDA,132078,133707,1629,"100,00","16,29","0,00","0,00","R$ 0,00 ","R$ 626,00 ",COMBUSTIVEL ,DESP. PRODUCAO   
3/1/2025,,EGJ-4B71,ECO VIP COMERCIO DE COMBUSTIVEIS LTDA,656670,656730,60,"200,00","0,30","0,00","0,00","R$ 0,00 ","R$ 1.230,00 ",COMBUSTIVEL ,DESP. PRODUCAO   
3/1/2025,,PFB-2A13,ALBUQUERQUE PNEUS LTDA,1059689,1060568,879,"200,00","4,39","0,00","0,00","R$ 0,00 ","R$ 1.218,00 ",COMBUSTIVEL ,DESP. PRODUCAO   
3/1/2025,,SNO-6F99,POEIRAO MEGA POSTO DE COMBUSTIVEIS LTDA,133707,134351,644,"300,00","2,15","0,00","0,00","R$ 0,00 ","R$ 1.845,00 ",COMBUSTIVEL ,DESP. PRODUCAO   
3/2/2025,,SNO-6F99,GF COMERCIO DE DERIVADOS DE PETROLEO LTDA,134351,134773,422,"200,01","2,11","0,00","0,00","R$ 0,00 ","R$ 1.186,09 ",COMBUSTIVEL ,DESP. PRODUCAO   
3/2/2025,,SOC-0G05,RPMP COMERCIO DE COMBUSTIVEIS LTDA,87079,87813,734,"453,50","1,62","0,00","0,00","R$ 0,00 ","R$ 2.643,92 ",COMBUSTIVEL ,DESP. PRODUCAO   
3/2/2025,,SNO-6F99,TORRES COMERCIO E DERIVADOS DE PETROLEO LTDA,134773,135014,241,"549,09","0,44","0,00","0,00","R$ 0,00 ","R$ 3.201,19 ",COMBUSTIVEL ,DESP. PRODUCAO   
3/2/2025,,SOC-0G05,AUTO POSTO ALVARES E DUTRA COMERCIO DE COMBUSTIVEIS LTDA,86511,87079,568,"300,00","1,89","0,00","0,00","R$ 0,00 ","R$ 1.845,00 ",COMBUSTIVEL ,DESP. PRODUCAO   
3/2/2025,,QQN-8J78,M.D COMERCIO DE COMBUSTIVEL PLANALTO LTDA,600656,602208,1552,"200,00","7,76","0,00","0,00","R$ 0,00 ","R$ 1.188,00 ",COMBUSTIVEL ,DESP. PRODUCAO   
3/3/2025,,QQN-8J78,AUTO POSTO ALVARES E DUTRA COMERCIO DE COMBUSTIVEIS LTDA,602208,602530,322,"200,09","1,61","0,00","0,00","R$ 0,00 ","R$ 1.230,57 ",COMBUSTIVEL ,DESP. PRODUCAO   
3/4/2025,,PES-6F45,VILA JARDIM COMERCIO DE COMBUSTIVEL LTDA,1145954,1146879,925,"200,00","4,63","0,00","0,00","R$ 0,00 ","R$ 1.230,00 ",COMBUSTIVEL ,DESP. PRODUCAO   
3/4/2025,,EGJ-4B71,R H DE ALMEIDA MOURA,656730,657607,877,"100,00","8,77","0,00","0,00","R$ 0,00 ","R$ 659,00 ",COMBUSTIVEL ,DESP. PRODUCAO   
3/5/2025,,EGJ-4B71,POSTO MONTEIRO LTDA,657607,657623,16,"200,00","0,08","0,00","0,00","R$ 0,00 ","R$ 1.230,00 ",COMBUSTIVEL ,DESP. PRODUCAO   
3/5/2025,,QQN-8J78,REDE JG MAC COMERCIO DE COMBUSTIVEIS LTDA,602530,603360,830,"560,01","1,48","0,00","0,00","R$ 0,00 ","R$ 3.354,47 ",COMBUSTIVEL ,DESP. PRODUCAO   
3/5/2025,,PFB-2A13,F L MARINHO LTDA,1060568,1060936,368,"150,00","2,45","0,00","0,00","R$ 0,00 ","R$ 925,50 ",COMBUSTIVEL ,DESP. PRODUCAO   
3/7/2025,,SOC-0G05,POEIRAO MEGA POSTO DE COMBUSTIVEIS LTDA,87813,89288,1475,"200,00","7,38","0,00","0,00","R$ 0,00 ","R$ 1.240,00 ",COMBUSTIVEL ,DESP. PRODUCAO   
3/7/2025,,RCP-3F78,POSTO SAO CRISTOVAO LTDA,479028,481482,2454,"200,00","12,27","0,00","0,00","R$ 0,00 ","R$ 1.230,00 ",COMBUSTIVEL ,DESP. PRODUCAO   
3/8/2025,,QQN-8J78,COMERCIO DE COMBUSTIVEIS JAQUEIRA LTDA,603360,604919,1559,"560,40","2,78","0,00","0,00","R$ 0,00 ","R$ 3.340,01 ",COMBUSTIVEL ,DESP. PRODUCAO   
3/8/2025,,SNO-6F99,ECO VIP COMERCIO DE COMBUSTIVEIS LTDA,135014,135873,859,"300,00","2,86","0,00","0,00","R$ 0,00 ","R$ 1.845,00 ",COMBUSTIVEL ,DESP. PRODUCAO   
3/8/2025,,PES-6F45,PARADA CERTA COMERCIO DE COMBUSTIVEIS LTDA,1146879,1147445,566,"300,00","1,89","0,00","0,00","R$ 0,00 ","R$ 1.845,00 ",COMBUSTIVEL ,DESP. PRODUCAO   
3/8/2025,,PFB-2A13,AUTO POSTO ALVARES E DUTRA COMERCIO DE COMBUSTIVEIS LTDA,1060936,1061178,242,"105,70","2,29","0,00","0,00","R$ 0,00 ","R$ 650,06 ",COMBUSTIVEL ,DESP. PRODUCAO   
3/8/2025,,RCP-3F78,AUTO POSTO DE COMBUSTIVEIS RIBEIRAO LTDA,481482,481917,435,"569,35","0,76","0,00","0,00","R$ 0,00 ","R$ 3.501,51 ",COMBUSTIVEL ,DESP. PRODUCAO   
3/9/2025,,QIZ-3E10,AUTO POSTO ALVARES E DUTRA COMERCIO DE COMBUSTIVEIS LTDA,561569,563091,1522,"300,00","5,07","0,00","0,00","R$ 0,00 ","R$ 1.845,00 ",COMBUSTIVEL ,DESP. PRODUCAO   
3/10/2025,,SNO-6F99,REDE JG MAC COMERCIO DE COMBUSTIVEIS LTDA,135873,136630,757,"100,00","7,57","0,00","0,00","R$ 0,00 ","R$ 599,00 ",COMBUSTIVEL ,DESP. PRODUCAO   
3/10/2025,,SOC-0G05,RPMP COMERCIO DE COMBUSTIVEIS LTDA,89288,90182,894,"365,48","2,45","0,00","0,00","R$ 0,00 ","R$ 2.178,28 ",COMBUSTIVEL ,DESP. PRODUCAO   
3/11/2025,,SNO-6F99,RPMP COMERCIO DE COMBUSTIVEIS LTDA,136630,136762,132,"632,58","0,21","0,00","0,00","R$ 0,00 ","R$ 3.770,16 ",COMBUSTIVEL ,DESP. PRODUCAO   
3/11/2025,,QQN-8J78,POEIRAO MEGA POSTO DE COMBUSTIVEIS LTDA,604919,606450,1531,"300,00","5,10","0,00","0,00","R$ 0,00 ","R$ 1.845,00 ",COMBUSTIVEL ,DESP. PRODUCAO   
3/12/2025,,EGJ-4B71,VILA BELA COMERCIO DE COMBUSTIVEL LTDA,657623,658054,431,"200,00","2,15","0,00","0,00","R$ 0,00 ","R$ 1.198,00 ",COMBUSTIVEL ,DESP. PRODUCAO   
3/12/2025,,QQN-8J78,COMERCIO DE COMBUSTIVEIS JAQUEIRA LTDA,606450,607147,697,"558,97","1,25","0,00","0,00","R$ 0,00 ","R$ 3.303,51 ",COMBUSTIVEL ,DESP. PRODUCAO   
3/12/2025,,PES-6F45,AUTO POSTO QUATRO IRMAOS LTDA,1147445,1148424,979,"300,00","3,26","0,00","0,00","R$ 0,00 ","R$ 1.845,00 ",COMBUSTIVEL ,DESP. PRODUCAO   
3/13/2025,,PFB-2A13,AUTO POSTO POLO LTDA,1062068,1062374,306,"150,00","2,04","0,00","0,00","R$ 0,00 ","R$ 913,50 ",COMBUSTIVEL ,DESP. PRODUCAO   
3/13/2025,,RCP-3F78,POSTO PETROTURBO LTDA,481917,483981,2064,"340,00","6,07","0,00","0,00","R$ 0,00 ","R$ 2.036,60 ",COMBUSTIVEL ,DESP. PRODUCAO   
3/13/2025,,PFB-2A13,AUTO POSTO POLO LTDA,1061178,1062068,890,"100,00","8,90","0,00","0,00","R$ 0,00 ","R$ 609,00 ",COMBUSTIVEL ,DESP. PRODUCAO   
3/13/2025,,SNO-6F99,IRMAOS VASCONCELOS LTDA,136762,138428,1666,"620,38","2,69","0,00","0,00","R$ 0,00 ","R$ 3.716,08 ",COMBUSTIVEL ,DESP. PRODUCAO   
3/14/2025,,SOC-0G05,TORRES COMERCIO E DERIVADOS DE PETROLEO LTDA,90182,91910,1728,"300,00","5,76","0,00","0,00","R$ 0,00 ","R$ 1.773,00 ",COMBUSTIVEL ,DESP. PRODUCAO   
3/14/2025,,EGJ-4B71,ABASTECA COMERCIO DE COMBUSTIVEIS LTDA,658054,658678,624,"100,01","6,24","0,00","0,00","R$ 0,00 ","R$ 619,06 ",COMBUSTIVEL ,DESP. PRODUCAO   
3/14/2025,,PES-6F45,AUTO POSTO PONTO 10 LTDA,1148424,1149016,592,"200,00","2,96","0,00","0,00","R$ 0,00 ","R$ 1.198,00 ",COMBUSTIVEL ,DESP. PRODUCAO   
3/15/2025,,PFB-2A13,AUTO POSTO ALVARES E DUTRA COMERCIO DE COMBUSTIVEIS LTDA,1062374,1062712,338,"157,41","2,15","0,00","0,00","R$ 0,00 ","R$ 942,89 ",COMBUSTIVEL ,DESP. PRODUCAO   
3/15/2025,,RCP-3F78,AUTO POSTO ALVARES E DUTRA COMERCIO DE COMBUSTIVEIS LTDA,483981,485135,1154,"531,07","2,17","0,00","0,00","R$ 0,00 ","R$ 3.181,13 ",COMBUSTIVEL ,DESP. PRODUCAO   
3/15/2025,,SOC-0G05,GAM COMERCIO DE COMBUSTIVEIS LTDA,91910,92282,372,"300,00","1,24","0,00","0,00","R$ 0,00 ","R$ 1.797,00 ",COMBUSTIVEL ,DESP. PRODUCAO   
3/17/2025,,QQN-8J78,AUTO POSTO ALVARES E DUTRA COMERCIO DE COMBUSTIVEIS LTDA,607147,608096,949,"300,00","3,16","0,00","0,00","R$ 0,00 ","R$ 1.797,00 ",COMBUSTIVEL ,DESP. PRODUCAO   
3/17/2025,,PFB-2A13,AUTO POSTO POLO LTDA,1062712,1063470,758,"100,00","7,58","0,00","0,00","R$ 0,00 ","R$ 609,00 ",COMBUSTIVEL ,DESP. PRODUCAO   
3/17/2025,,PES-6F45,AUTO POSTO ALVARES E DUTRA COMERCIO DE COMBUSTIVEIS LTDA,1149016,1149355,339,"300,00","1,13","0,00","0,00","R$ 0,00 ","R$ 1.799,01 ",COMBUSTIVEL ,DESP. PRODUCAO   
3/18/2025,,PFB-2A13,VILA JARDIM COMERCIO DE COMBUSTIVEL LTDA,1063470,1063751,281,"186,15","1,51","0,00","0,00","R$ 0,00 ","R$ 1.115,04 ",COMBUSTIVEL ,DESP. PRODUCAO   
3/18/2025,,EGJ-4B71,AUTO POSTO ALVARES E DUTRA COMERCIO DE COMBUSTIVEIS LTDA,658678,659231,553,"200,00","2,77","0,00","0,00","R$ 0,00 ","R$ 1.198,00 ",COMBUSTIVEL ,DESP. PRODUCAO   
3/19/2025,,SOC-0G05,GAM COMERCIO DE COMBUSTIVEIS LTDA,92282,93440,1158,"300,00","3,86","0,00","0,00","R$ 0,00 ","R$ 1.797,00 ",COMBUSTIVEL ,DESP. PRODUCAO   
3/19/2025,,KFX-4D15,AUTO POSTO DE COMBUSTIVEIS CAAPORA LTDA,1180532,1180532,0,"638,23","0,00","0,00","0,00","R$ 0,00 ","R$ 3.740,02 ",COMBUSTIVEL ,DESP. PRODUCAO   
3/20/2025,,QIZ-3E10,AUTO POSTO ALVARES E DUTRA COMERCIO DE COMBUSTIVEIS LTDA,563091,565704,2613,"400,00","6,53","0,00","0,00","R$ 0,00 ","R$ 2.396,00 ",COMBUSTIVEL ,DESP. PRODUCAO   
3/20/2025,,EGJ-4B71,VILA BELA COMERCIO DE COMBUSTIVEL LTDA,659231,659565,334,"150,00","2,23","0,00","0,00","R$ 0,00 ","R$ 877,50 ",COMBUSTIVEL ,DESP. PRODUCAO   
3/20/2025,,SOC-0G05,GAM COMERCIO DE COMBUSTIVEIS LTDA,93440,93882,442,"300,00","1,47","0,00","0,00","R$ 0,00 ","R$ 1.797,00 ",COMBUSTIVEL ,DESP. PRODUCAO   
3/20/2025,,QQN-8J78,COMERCIO DE COMBUSTIVEL WARIS LTDA,608096,609252,1156,"200,00","5,78","0,00","0,00","R$ 0,00 ","R$ 1.238,00 ",COMBUSTIVEL ,DESP. PRODUCAO   
3/21/2025,,QIZ-3E10,REDE JG MAC COMERCIO DE COMBUSTIVEIS LTDA,565704,566598,894,"400,00","2,23","0,00","0,00","R$ 0,00 ","R$ 2.396,00 ",COMBUSTIVEL ,DESP. PRODUCAO   
3/21/2025,,RCP-3F78,AUTO POSTO DE COMBUSTIVEIS CAAPORA LTDA,485135,487162,2027,"200,00","10,14","0,00","0,00","R$ 0,00 ","R$ 1.172,00 ",COMBUSTIVEL ,DESP. PRODUCAO   
3/22/2025,,PFB-2A13,AUTO POSTO ALVARES E DUTRA COMERCIO DE COMBUSTIVEIS LTDA,1063751,1065133,1382,"100,00","13,82","0,00","0,00","R$ 0,00 ","R$ 599,00 ",COMBUSTIVEL ,DESP. PRODUCAO   
3/22/2025,,SNO-6F99,IRMAOS VASCONCELOS LTDA,138428,140286,1858,"644,63","2,88","0,00","0,00","R$ 0,00 ","R$ 3.829,10 ",COMBUSTIVEL ,DESP. PRODUCAO   
3/22/2025,,QIZ-3E10,AUTO POSTO ALVARES E DUTRA COMERCIO DE COMBUSTIVEIS LTDA,566598,567440,842,"200,00","4,21","0,00","0,00","R$ 0,00 ","R$ 1.198,00 ",COMBUSTIVEL ,DESP. PRODUCAO   
3/24/2025,,QQN-8J78,AUTO POSTO QUATRO IRMAOS LTDA,609252,609684,432,"100,00","4,32","0,00","0,00","R$ 0,00 ","R$ 599,00 ",COMBUSTIVEL ,DESP. PRODUCAO   
3/24/2025,,RCP-3F78,AUTO POSTO ALVARES E DUTRA COMERCIO DE COMBUSTIVEIS LTDA,487162,487877,715,"200,00","3,58","0,00","0,00","R$ 0,00 ","R$ 1.198,00 ",COMBUSTIVEL ,DESP. PRODUCAO   
3/24/2025,,SOC-0G05,VILA JARDIM COMERCIO DE COMBUSTIVEL LTDA,93882,94962,1080,"200,00","5,40","0,00","0,00","R$ 0,00 ","R$ 1.198,00 ",COMBUSTIVEL ,DESP. PRODUCAO   
3/25/2025,,PFB-2A13,AUTO POSTO ALVARES E DUTRA COMERCIO DE COMBUSTIVEIS LTDA,1065133,1065624,491,"194,01","2,53","0,00","0,00","R$ 0,00 ","R$ 1.162,10 ",COMBUSTIVEL ,DESP. PRODUCAO   
3/25/2025,,SOC-0G05,AUTO POSTO ALVARES E DUTRA COMERCIO DE COMBUSTIVEIS LTDA,94962,95105,143,"200,00","0,71","0,00","0,00","R$ 0,00 ","R$ 1.198,00 ",COMBUSTIVEL ,DESP. PRODUCAO   
3/25/2025,,QIZ-3E10,M. SAO JOAO COMERCIO DE COMBUSTIVEL LTDA,567440,568281,841,"637,55","1,32","0,00","0,00","R$ 0,00 ","R$ 3.691,41 ",COMBUSTIVEL ,DESP. PRODUCAO   
3/25/2025,,SNO-6F99,IRMAOS VASCONCELOS LTDA,140286,141419,1133,"490,67","2,31","0,00","0,00","R$ 0,00 ","R$ 2.890,05 ",COMBUSTIVEL ,DESP. PRODUCAO   
3/26/2025,,QQN-8J78,AUTO POSTO ALVARES E DUTRA COMERCIO DE COMBUSTIVEIS LTDA,609684,609739,55,"400,09","0,14","0,00","0,00","R$ 0,00 ","R$ 2.396,56 ",COMBUSTIVEL ,DESP. PRODUCAO   
3/27/2025,,SOC-0G05,AUTO POSTO ALVARES E DUTRA COMERCIO DE COMBUSTIVEIS LTDA,95105,95666,561,"200,00","2,81","0,00","0,00","R$ 0,00 ","R$ 1.198,00 ",COMBUSTIVEL ,DESP. PRODUCAO   
3/27/2025,,RCP-3F78,AUTO POSTO ALVARES E DUTRA COMERCIO DE COMBUSTIVEIS LTDA,487877,488661,784,"557,49","1,41","0,00","0,00","R$ 0,00 ","R$ 3.339,38 ",COMBUSTIVEL ,DESP. PRODUCAO   
3/28/2025,,SNO-6F99,TORRES COMERCIO E DERIVADOS DE PETROLEO LTDA,141419,142736,1317,"503,54","2,62","0,00","0,00","R$ 0,00 ","R$ 2.910,46 ",COMBUSTIVEL ,DESP. PRODUCAO   
3/28/2025,,QIZ-3E10,VILA DE GOIANA COMERCIO DE COMBUSTIVEIS LTDA,568281,569181,900,"388,50","2,32","0,00","0,00","R$ 0,00 ","R$ 2.288,27 ",COMBUSTIVEL ,DESP. PRODUCAO   
3/28/2025,,PFB-2A13,POSTO SAO CRISTOVAO LTDA,1065624,1066401,777,"228,07","3,41","0,00","0,00","R$ 0,00 ","R$ 1.366,14 ",COMBUSTIVEL ,DESP. PRODUCAO   
3/29/2025,,QQN-8J78,AUTO POSTO NOVO CAPEBI LTDA,609739,610573,834,"300,00","2,78","0,00","0,00","R$ 0,00 ","R$ 1.758,00 ",COMBUSTIVEL ,DESP. PRODUCAO   
3/30/2025,,SNO-6F99,AUTO POSTO ALVARES E DUTRA COMERCIO DE COMBUSTIVEIS LTDA,142736,143721,985,"300,00","3,28","0,00","0,00","R$ 0,00 ","R$ 1.797,00 ",COMBUSTIVEL ,DESP. PRODUCAO   
3/31/2025,,RCP-3F78,AUTO POSTO ALVARES E DUTRA COMERCIO DE COMBUSTIVEIS LTDA,488661,490915,2254,"200,00","11,27","0,00","0,00","R$ 0,00 ","R$ 1.198,00 ",COMBUSTIVEL ,DESP. PRODUCAO   
4/1/2025,,PFB-2A13,POSTO SAO CRISTOVAO LTDA,1066401,1067158,757,"200,00","3,79","0,00","0,00","R$ 0,00 ","R$ 1.198,00 ",COMBUSTIVEL ,DESP. PRODUCAO   
4/1/2025,,SNO-6F99,M. SAO JOAO COMERCIO DE COMBUSTIVEL LTDA,143721,144517,796,"639,03","1,25","0,00","0,00","R$ 0,00 ","R$ 3.700,01 ",COMBUSTIVEL ,DESP. PRODUCAO   
4/2/2025,,QQN-8J78,AUTO POSTO POLO LTDA,610573,611644,1071,"300,00","3,57","0,00","0,00","R$ 0,00 ","R$ 1.797,00 ",COMBUSTIVEL ,DESP. PRODUCAO   
4/2/2025,,QIZ-3E10,AUTO POSTO ALVARES E DUTRA COMERCIO DE COMBUSTIVEIS LTDA,569181,570965,1784,"300,00","5,95","0,00","0,00","R$ 0,00 ","R$ 1.767,00 ",COMBUSTIVEL ,DESP. PRODUCAO   
4/3/2025,,SOC-0G05,J. H . COMBUSTIVEIS LTDA,95666,98432,2766,"300,00","9,22","0,00","0,00","R$ 0,00 ","R$ 1.767,00 ",COMBUSTIVEL ,DESP. PRODUCAO   
4/3/2025,,RCP-3F78,AUTO POSTO ALVARES E DUTRA COMERCIO DE COMBUSTIVEIS LTDA,490915,491689,774,"300,00","2,58","0,00","0,00","R$ 0,00 ","R$ 1.767,00 ",COMBUSTIVEL ,DESP. PRODUCAO   
4/3/2025,,QQN-8J78,AUTO POSTO ALVARES E DUTRA COMERCIO DE COMBUSTIVEIS LTDA,611644,611959,315,"406,12","0,78","0,00","0,00","R$ 0,00 ","R$ 2.392,03 ",COMBUSTIVEL ,DESP. PRODUCAO   
4/4/2025,,SNO-6F99,M. SAO JOAO COMERCIO DE COMBUSTIVEL LTDA,144517,146124,1607,"689,21","2,33","0,00","0,00","R$ 0,00 ","R$ 3.990,51 ",COMBUSTIVEL ,DESP. PRODUCAO   
4/5/2025,,QQN-8J78,J A SOBRAL & CIA LTDA,611959,613380,1421,"594,00","2,39","0,00","0,00","R$ 0,00 ","R$ 3.320,46 ",COMBUSTIVEL ,DESP. PRODUCAO   
4/5/2025,,SOC-0G05,M. SAO JOAO COMERCIO DE COMBUSTIVEL LTDA,98432,98839,407,"300,00","1,36","0,00","0,00","R$ 0,00 ","R$ 1.737,00 ",COMBUSTIVEL ,DESP. PRODUCAO   
4/5/2025,,QIZ-3E10,AUTO POSTO ALVARES E DUTRA COMERCIO DE COMBUSTIVEIS LTDA,570965,571557,592,"509,63","1,16","0,00","0,00","R$ 0,00 ","R$ 3.001,71 ",COMBUSTIVEL ,DESP. PRODUCAO   
4/6/2025,,RCP-3F78,AUTO POSTO QUATRO IRMAOS LTDA,491689,492488,799,"490,62","1,63","0,00","0,00","R$ 0,00 ","R$ 2.889,75 ",COMBUSTIVEL ,DESP. PRODUCAO   
4/6/2025,,SOC-0G05,AUTO POSTO ALVARES E DUTRA COMERCIO DE COMBUSTIVEIS LTDA,98839,99636,797,"300,00","2,66","0,00","0,00","R$ 0,00 ","R$ 1.767,00 ",COMBUSTIVEL ,DESP. PRODUCAO   
4/7/2025,,PES-6F45,AUTO POSTO ALVARES E DUTRA COMERCIO DE COMBUSTIVEIS LTDA,1155060,1155060,0,"300,42","0,00","0,00","0,00","R$ 0,00 ","R$ 1.769,47 ",COMBUSTIVEL ,DESP. PRODUCAO   
4/8/2025,,PFB-2A13,VILA JARDIM COMERCIO DE COMBUSTIVEL LTDA,1067158,1068084,926,"210,37","4,40","0,00","0,00","R$ 0,00 ","R$ 1.239,08 ",COMBUSTIVEL ,DESP. PRODUCAO   
4/8/2025,,QIZ-3E10,GF COMERCIO DE DERIVADOS DE PETROLEO LTDA,571557,573845,2288,"673,63","3,40","0,00","0,00","R$ 33,68 ","R$ 3.846,43 ",COMBUSTIVEL ,DESP. PRODUCAO   
4/8/2025,,SNO-6F99,AUTO POSTO ALVARES E DUTRA COMERCIO DE COMBUSTIVEIS LTDA,146124,146983,859,"458,41","1,87","0,00","0,00","R$ 0,00 ","R$ 2.700,02 ",COMBUSTIVEL ,DESP. PRODUCAO   
4/8/2025,,PES-6F45,AUTO POSTO ALVARES E DUTRA COMERCIO DE COMBUSTIVEIS LTDA,1155060,1155618,558,"300,00","1,86","0,00","0,00","R$ 30,00 ","R$ 1.737,00 ",COMBUSTIVEL ,DESP. PRODUCAO   
4/10/2025,,SOC-0G05,AUTO POSTO ALVARES E DUTRA COMERCIO DE COMBUSTIVEIS LTDA,99636,100208,572,"470,52","1,22","0,00","0,00","R$ 0,00 ","R$ 2.658,43 ",COMBUSTIVEL ,DESP. PRODUCAO   
4/11/2025,,PES-6F45,J A SOBRAL & CIA LTDA,1155618,1156674,1056,"200,00","5,28","0,00","0,00","R$ 0,00 ","R$ 1.110,00 ",COMBUSTIVEL ,DESP. PRODUCAO   
4/12/2025,,QIZ-3E10,ECO VIP COMERCIO DE COMBUSTIVEIS LTDA,573845,575535,1690,"300,00","5,63","0,00","0,00","R$ 0,00 ","R$ 1.707,02 ",COMBUSTIVEL ,DESP. PRODUCAO   
4/12/2025,,SOC-0G05,J A SOBRAL & CIA LTDA,100208,101618,1410,"300,00","4,70","0,00","0,00","R$ 0,00 ","R$ 1.797,00 ",COMBUSTIVEL ,DESP. PRODUCAO   
4/13/2025,,SNO-6F99,AUTO POSTO ALVARES E DUTRA COMERCIO DE COMBUSTIVEIS LTDA,146983,148668,1685,"300,00","5,62","0,00","0,00","R$ 0,00 ","R$ 1.677,00 ",COMBUSTIVEL ,DESP. PRODUCAO   
4/14/2025,,RCP-3F78,VILA JARDIM COMERCIO DE COMBUSTIVEL LTDA,492488,494806,2318,"200,00","11,59","0,00","0,00","R$ 0,00 ","R$ 1.138,00 ",COMBUSTIVEL ,DESP. PRODUCAO   
4/14/2025,,QIZ-3E10,M. SAO JOAO COMERCIO DE COMBUSTIVEL LTDA,575535,576448,913,"500,00","1,83","0,00","0,00","R$ 0,00 ","R$ 2.840,00 ",COMBUSTIVEL ,DESP. PRODUCAO   
4/15/2025,,PES-6F45,AUTO POSTO ALVARES E DUTRA COMERCIO DE COMBUSTIVEIS LTDA,1156674,1157342,668,"300,00","2,23","0,00","0,00","R$ 0,00 ","R$ 1.662,00 ",COMBUSTIVEL ,DESP. PRODUCAO   
4/15/2025,,SNO-6F99,AUTO POSTO ALVARES E DUTRA COMERCIO DE COMBUSTIVEIS LTDA,148668,149245,577,"300,01","1,92","0,00","0,00","R$ 0,00 ","R$ 1.662,04 ",COMBUSTIVEL ,DESP. PRODUCAO   
4/16/2025,,SOC-0G05,AUTO POSTO ALVARES E DUTRA COMERCIO DE COMBUSTIVEIS LTDA,101618,102383,765,"300,00","2,55","0,00","0,00","R$ 0,00 ","R$ 1.662,00 ",COMBUSTIVEL ,DESP. PRODUCAO   
4/16/2025,,QIZ-3E10,AUTO POSTO ALVARES E DUTRA COMERCIO DE COMBUSTIVEIS LTDA,576448,577267,819,"300,00","2,73","0,00","0,00","R$ 0,00 ","R$ 1.662,00 ",COMBUSTIVEL ,DESP. PRODUCAO   
4/16/2025,,RCP-3F78,PARADA CERTA COMERCIO DE COMBUSTIVEIS LTDA,494806,495778,972,"202,73","4,79","0,00","0,00","R$ 0,00 ","R$ 1.145,42 ",COMBUSTIVEL ,DESP. PRODUCAO   
4/17/2025,,SNO-6F99,M. SAO JOAO COMERCIO DE COMBUSTIVEL LTDA,149245,150059,814,"400,00","2,04","0,00","0,00","R$ 0,00 ","R$ 2.272,00 ",COMBUSTIVEL ,DESP. PRODUCAO   
4/17/2025,,EGJ-4B71,AUTO POSTO ALVARES E DUTRA COMERCIO DE COMBUSTIVEIS LTDA,2990,2990,0,"100,21","0,00","0,00","0,00","R$ 0,00 ","R$ 555,14 ",COMBUSTIVEL ,DESP. PRODUCAO   
4/17/2025,,SOC-0G05,AUTO POSTO POLO LTDA,102383,103183,800,"100,00","8,00","0,00","0,00","R$ 0,00 ","R$ 589,00 ",COMBUSTIVEL ,DESP. PRODUCAO   
4/19/2025,,QQN-8J78,J A D ARAUJO & CIA LTDA,613380,614474,1094,"502,30","2,18","0,00","0,00","R$ 0,00 ","R$ 2.807,88 ",COMBUSTIVEL ,DESP. PRODUCAO   
4/20/2025,,QIZ-3E10,AUTO POSTO ALVARES E DUTRA COMERCIO DE COMBUSTIVEIS LTDA,577267,577837,570,"200,00","2,85","0,00","0,00","R$ 0,00 ","R$ 1.108,00 ",COMBUSTIVEL ,DESP. PRODUCAO   
4/21/2025,,SOC-0G05,AUTO POSTO ALVARES E DUTRA COMERCIO DE COMBUSTIVEIS LTDA,103183,103513,330,"300,20","1,10","0,00","0,00","R$ 0,00 ","R$ 1.663,12 ",COMBUSTIVEL ,DESP. PRODUCAO   
4/22/2025,,RCP-3F78,AUTO POSTO ALVARES E DUTRA COMERCIO DE COMBUSTIVEIS LTDA,495778,496362,584,"594,60","0,98","0,00","0,00","R$ 0,00 ","R$ 3.294,06 ",COMBUSTIVEL ,DESP. PRODUCAO   
4/22/2025,,SNO-6F99,AUTO POSTO ALVARES E DUTRA COMERCIO DE COMBUSTIVEIS LTDA,150059,150861,802,"300,00","2,67","0,00","0,00","R$ 0,00 ","R$ 1.662,00 ",COMBUSTIVEL ,DESP. PRODUCAO   
4/23/2025,,SOC-0G05,AUTO POSTO POLO LTDA,103513,104313,800,"100,00","8,00","0,00","0,00","R$ 0,00 ","R$ 589,00 ",COMBUSTIVEL ,DESP. PRODUCAO   
4/23/2025,,PES-6F45,AUTO POSTO POLO LTDA,1157342,1157928,586,"100,00","5,86","0,00","0,00","R$ 0,00 ","R$ 589,00 ",COMBUSTIVEL ,DESP. PRODUCAO   
4/24/2025,,SNO-6F99,AUTO POSTO DE COMBUSTIVEIS RIBEIRAO LTDA,150861,151459,598,"300,00","1,99","0,00","0,00","R$ 0,00 ","R$ 1.647,00 ",COMBUSTIVEL ,DESP. PRODUCAO   
4/24/2025,,SOC-0G05,VILA JARDIM COMERCIO DE COMBUSTIVEL LTDA,104313,104619,306,"200,00","1,53","0,00","0,00","R$ 0,00 ","R$ 1.118,00 ",COMBUSTIVEL ,DESP. PRODUCAO   
4/24/2025,,PES-6F45,AUTO POSTO DE COMBUSTIVEIS RIBEIRAO LTDA,1157928,1158263,335,"300,00","1,12","0,00","0,00","R$ 0,00 ","R$ 1.626,00 ",COMBUSTIVEL ,DESP. PRODUCAO   
4/25/2025,,QIZ-3E10,M. SAO JOAO COMERCIO DE COMBUSTIVEL LTDA,577837,578598,761,"400,00","1,90","0,00","0,00","R$ 0,00 ","R$ 2.272,00 ",COMBUSTIVEL ,DESP. PRODUCAO   
4/26/2025,,SNO-6F99,AUTO POSTO DE COMBUSTIVEIS RIBEIRAO LTDA,151459,152403,944,"660,88","1,43","0,00","0,00","R$ 0,00 ","R$ 3.562,15 ",COMBUSTIVEL ,DESP. PRODUCAO   
4/26/2025,,RCP-3F78,VILA JARDIM COMERCIO DE COMBUSTIVEL LTDA,496362,498424,2062,"282,07","7,31","0,00","0,00","R$ 0,00 ","R$ 1.576,77 ",COMBUSTIVEL ,DESP. PRODUCAO   
4/26/2025,,SOC-0G05,MARIAH COMERCIO DE COMBUSTIVEIS LTDA,104619,104906,287,"501,75","0,57","0,00","0,00","R$ 0,00 ","R$ 2.704,43 ",COMBUSTIVEL ,DESP. PRODUCAO   
4/26/2025,,SOC-0G05,RPMP COMERCIO DE COMBUSTIVEIS LTDA,104906,105619,713,"183,86","3,88","0,00","0,00","R$ 0,00 ","R$ 1.018,57 ",COMBUSTIVEL ,DESP. PRODUCAO   
4/29/2025,,SNO-6F99,M. SAO JOAO COMERCIO DE COMBUSTIVEL LTDA,152403,154070,1667,"400,00","4,17","0,00","0,00","R$ 0,00 ","R$ 2.272,00 ",COMBUSTIVEL ,DESP. PRODUCAO   
4/29/2025,,SOC-0G05,POEIRAO MEGA POSTO DE COMBUSTIVEIS LTDA,105619,107115,1496,"200,00","7,48","0,00","0,00","R$ 0,00 ","R$ 1.200,00 ",COMBUSTIVEL ,DESP. PRODUCAO   
4/29/2025,,PES-6F45,VILA JARDIM COMERCIO DE COMBUSTIVEL LTDA,1158263,1158776,513,"200,00","2,57","0,00","0,00","R$ 0,00 ","R$ 1.098,00 ",COMBUSTIVEL ,DESP. PRODUCAO   
4/30/2025,,QQN-8J78,F T DE SOUSA LTDA,614474,617266,2792,"200,00","13,96","0,00","0,00","R$ 0,00 ","R$ 1.190,00 ",COMBUSTIVEL ,DESP. PRODUCAO   
4/30/2025,,QIZ-3E10,MARIAH COMERCIO DE COMBUSTIVEIS LTDA,578598,579517,919,"466,82","1,97","0,00","0,00","R$ 0,00 ","R$ 2.516,16 ",COMBUSTIVEL ,DESP. PRODUCAO   
4/30/2025,,RCP-3F78,MARIAH COMERCIO DE COMBUSTIVEIS LTDA,498424,499846,1422,"588,65","2,42","0,00","0,00","R$ 0,00 ","R$ 3.172,82 ",COMBUSTIVEL ,DESP. PRODUCAO   
4/30/2025,,SOC-0G05,TORRES COMERCIO E DERIVADOS DE PETROLEO LTDA,107115,107775,660,"200,00","3,30","0,00","0,00","R$ 0,00 ","R$ 1.106,00 ",COMBUSTIVEL ,DESP. PRODUCAO   
5/1/2025,,QQN-8J78,IRMAOS VASCONCELOS LTDA,617266,617770,504,"453,98","1,11","0,00","0,00","R$ 0,00 ","R$ 2.515,05 ",COMBUSTIVEL ,DESP. PRODUCAO   
5/1/2025,,SNO-6F99,AUTO POSTO DE COMBUSTIVEIS RIBEIRAO LTDA,154070,154786,716,"200,00","3,58","0,00","0,00","R$ 0,00 ","R$ 1.058,00 ",COMBUSTIVEL ,DESP. PRODUCAO   
5/3/2025,,BAP-2G73,PARADA CERTA COMERCIO DE COMBUSTIVEIS LTDA,29511,29511,0,"100,00","0,00","0,00","0,00","R$ 0,00 ","R$ 549,00 ",COMBUSTIVEL ,DESP. PRODUCAO   
5/3/2025,,SOC-0G05,GAM COMERCIO DE COMBUSTIVEIS LTDA,107775,108164,389,"300,00","1,30","0,00","0,00","R$ 0,00 ","R$ 1.737,00 ",COMBUSTIVEL ,DESP. PRODUCAO   
5/3/2025,,QIZ-3E10,POEIRAO MEGA POSTO DE COMBUSTIVEIS LTDA,579517,581781,2264,"300,00","7,55","0,00","0,00","R$ 0,00 ","R$ 1.776,00 ",COMBUSTIVEL ,DESP. PRODUCAO   
5/4/2025,,QQN-8J78,HD PETROLEO PERITORO LTDA,617770,619095,1325,"485,78","2,73","0,00","0,00","R$ 0,00 ","R$ 2.666,91 ",COMBUSTIVEL ,DESP. PRODUCAO   
5/4/2025,,BAP-2G73,AUTO POSTO DE COMBUSTIVEIS RIBEIRAO LTDA,29511,29611,100,"633,31","0,16","0,00","0,00","R$ 0,00 ","R$ 3.350,19 ",COMBUSTIVEL ,DESP. PRODUCAO   
5/4/2025,,QIZ-3E10,COMERCIO DE COMBUSTIVEIS JAQUEIRA LTDA,581781,582484,703,"400,00","1,76","0,00","0,00","R$ 0,00 ","R$ 2.204,00 ",COMBUSTIVEL ,DESP. PRODUCAO   
5/5/2025,,SOC-0G05,MARIAH COMERCIO DE COMBUSTIVEIS LTDA,108164,108744,580,"200,00","2,90","0,00","0,00","R$ 0,00 ","R$ 1.058,00 ",COMBUSTIVEL ,DESP. PRODUCAO   
5/6/2025,,SOC-0G05,MARIAH COMERCIO DE COMBUSTIVEIS LTDA,108744,109299,555,"300,00","1,85","0,00","0,00","R$ 0,00 ","R$ 1.587,00 ",COMBUSTIVEL ,DESP. PRODUCAO   
5/6/2025,,QIZ-3E10,MARIAH COMERCIO DE COMBUSTIVEIS LTDA,582484,583310,826,"300,00","2,75","0,00","0,00","R$ 0,00 ","R$ 1.587,00 ",COMBUSTIVEL ,DESP. PRODUCAO   
5/7/2025,,BAP-2G73,AUTO POSTO DE COMBUSTIVEIS RIBEIRAO LTDA,29611,31189,1578,"300,00","5,26","0,00","0,00","R$ 0,00 ","R$ 1.587,00 ",COMBUSTIVEL ,DESP. PRODUCAO   
5/7/2025,,SOC-0G05,MARIAH COMERCIO DE COMBUSTIVEIS LTDA,109299,109857,558,"397,15","1,41","0,00","0,00","R$ 0,00 ","R$ 2.100,92 ",COMBUSTIVEL ,DESP. PRODUCAO   
5/8/2025,,PES-6F45,AUTO POSTO QUATRO IRMAOS LTDA,1158776,1159348,572,"100,00","5,72","0,00","0,00","R$ 0,00 ","R$ 549,00 ",COMBUSTIVEL ,DESP. PRODUCAO   
5/8/2025,,QIZ-3E10,AUTO POSTO QUATRO IRMAOS LTDA,583310,584390,1080,"300,00","3,60","0,00","0,00","R$ 0,00 ","R$ 1.647,00 ",COMBUSTIVEL ,DESP. PRODUCAO   
5/8/2025,,BAP-2G73,AUTO POSTO DE COMBUSTIVEIS RIBEIRAO LTDA,31189,31772,583,"300,00","1,94","0,00","0,00","R$ 0,00 ","R$ 1.587,00 ",COMBUSTIVEL ,DESP. PRODUCAO   
5/9/2025,,BAP-2G73,AUTO POSTO DE COMBUSTIVEIS RIBEIRAO LTDA,31772,32333,561,"300,00","1,87","0,00","0,00","R$ 0,00 ","R$ 1.587,00 ",COMBUSTIVEL ,DESP. PRODUCAO   
5/9/2025,,QQN-8J78,PACHECO PETRO LTDA,619095,620519,1424,"150,00","9,49","0,00","0,00","R$ 0,00 ","R$ 858,01 ",COMBUSTIVEL ,DESP. PRODUCAO   
5/11/2025,,SOC-0G05,NOVA ESCADA COMERCIAL DE COMBUSTIVEIS LTDA,109857,111389,1532,"549,38","2,79","0,00","0,00","R$ 0,00 ","R$ 2.950,15 ",COMBUSTIVEL ,DESP. PRODUCAO   
5/12/2025,,QQN-8J78,HD PETROLEO CAXIAS LTDA,620519,620846,327,"481,59","0,68","0,00","0,00","R$ 0,00 ","R$ 2.643,93 ",COMBUSTIVEL ,DESP. PRODUCAO   
5/13/2025,,QIZ-3E10,POEIRAO MEGA POSTO DE COMBUSTIVEIS LTDA,584390,586797,2407,"250,00","9,63","0,00","0,00","R$ 0,00 ","R$ 1.462,50 ",COMBUSTIVEL ,DESP. PRODUCAO   
5/13/2025,,SNO-6F99,CEMOPEL CM PETROLEO LTDA,154786,154968,182,"300,00","0,61","0,00","0,00","R$ 0,00 ","R$ 1.647,00 ",COMBUSTIVEL ,DESP. PRODUCAO   
5/14/2025,,SOC-0G05,CEMOPEL CM PETROLEO LTDA,113152,113440,288,"300,00","0,96","0,00","0,00","R$ 0,00 ","R$ 1.647,00 ",COMBUSTIVEL ,DESP. PRODUCAO   
5/14/2025,,SNO-6F99,AUTO POSTO DE COMBUSTIVEIS RIBEIRAO LTDA,154968,155576,608,"300,00","2,03","0,00","0,00","R$ 0,00 ","R$ 1.587,00 ",COMBUSTIVEL ,DESP. PRODUCAO   
5/14/2025,,SOC-0G05,AUTO POSTO POLO LTDA,111389,113152,1763,"100,00","17,63","0,00","0,00","R$ 0,00 ","R$ 559,00 ",COMBUSTIVEL ,DESP. PRODUCAO   
5/14/2025,,QIZ-3E10,TORRES COMERCIO E DERIVADOS DE PETROLEO LTDA,586797,587477,680,"100,00","6,80","0,00","0,00","R$ 0,00 ","R$ 541,00 ",COMBUSTIVEL ,DESP. PRODUCAO   
5/14/2025,,BAP-2G73,AUTO POSTO DE COMBUSTIVEIS RIBEIRAO LTDA,32333,33980,1647,"300,00","5,49","0,00","0,00","R$ 0,00 ","R$ 1.587,00 ",COMBUSTIVEL ,DESP. PRODUCAO   
5/15/2025,,PFB-2A13,POSTO SAO CRISTOVAO LTDA,1068084,1068950,866,"150,00","5,77","0,00","0,00","R$ 0,00 ","R$ 823,50 ",COMBUSTIVEL ,DESP. PRODUCAO   
5/15/2025,,SNO-6F99,AUTO POSTO DE COMBUSTIVEIS RIBEIRAO LTDA,155576,155977,401,"200,00","2,01","0,00","0,00","R$ 0,00 ","R$ 1.058,00 ",COMBUSTIVEL ,DESP. PRODUCAO   
5/15/2025,,RCP-3F78,AUTO POSTO QUATRO IRMAOS LTDA,499846,502400,2554,"250,00","10,22","0,00","0,00","R$ 0,00 ","R$ 1.372,50 ",COMBUSTIVEL ,DESP. PRODUCAO   
5/15/2025,,BAP-2G73,AUTO POSTO QUATRO IRMAOS LTDA,33980,33988,8,"300,00","0,03","0,00","0,00","R$ 0,00 ","R$ 1.647,00 ",COMBUSTIVEL ,DESP. PRODUCAO   
5/15/2025,,PEL-9J12,CEMOPEL CM PETROLEO LTDA,593951,593951,0,"250,00","0,00","0,00","0,00","R$ 0,00 ","R$ 1.372,50 ",COMBUSTIVEL ,DESP. PRODUCAO   
5/16/2025,,SNO-6F99,AUTO POSTO DE COMBUSTIVEIS RIBEIRAO LTDA,155977,156529,552,"250,00","2,21","0,00","0,00","R$ 0,00 ","R$ 1.322,50 ",COMBUSTIVEL ,DESP. PRODUCAO   
5/16/2025,,QIZ-3E10,M. SAO JOAO COMERCIO DE COMBUSTIVEL LTDA,587477,587671,194,"400,00","0,49","0,00","0,00","R$ 0,00 ","R$ 2.168,00 ",COMBUSTIVEL ,DESP. PRODUCAO   
5/17/2025,,PFB-2A13,VILA JARDIM COMERCIO DE COMBUSTIVEL LTDA,1068950,1069334,384,"150,00","2,56","0,00","0,00","R$ 0,00 ","R$ 823,50 ",COMBUSTIVEL ,DESP. PRODUCAO   
5/17/2025,,SNO-6F99,AUTO POSTO DE COMBUSTIVEIS RIBEIRAO LTDA,156529,156690,161,"376,20","0,43","0,00","0,00","R$ 0,00 ","R$ 1.990,07 ",COMBUSTIVEL ,DESP. PRODUCAO   
5/17/2025,,RCP-3F78,J A D ARAUJO & CIA LTDA,502400,503036,636,"520,60","1,22","0,00","0,00","R$ 0,00 ","R$ 2.842,46 ",COMBUSTIVEL ,DESP. PRODUCAO   
5/18/2025,,SNO-6F99,GF COMERCIO DE DERIVADOS DE PETROLEO LTDA,156690,157617,927,"309,66","2,99","0,00","0,00","R$ 0,00 ","R$ 1.700,03 ",COMBUSTIVEL ,DESP. PRODUCAO   
5/19/2025,,BAP-2G73,AUTO POSTO DE COMBUSTIVEIS RIBEIRAO LTDA,33988,34629,641,"300,00","2,14","0,00","0,00","R$ 0,00 ","R$ 1.587,00 ",COMBUSTIVEL ,DESP. PRODUCAO   
5/19/2025,,EGJ-4B71,CEMOPEL CM PETROLEO LTDA,6264,6264,0,"200,00","0,00","0,00","0,00","R$ 0,00 ","R$ 1.098,00 ",COMBUSTIVEL ,DESP. PRODUCAO   
5/19/2025,,SOC-0G05,MARIAH COMERCIO DE COMBUSTIVEIS LTDA,113440,114132,692,"500,00","1,38","0,00","0,00","R$ 0,00 ","R$ 2.645,00 ",COMBUSTIVEL ,DESP. PRODUCAO   
5/19/2025,,QIZ-3E10,MARIAH COMERCIO DE COMBUSTIVEIS LTDA,587671,588521,850,"577,12","1,47","0,00","0,00","R$ 0,00 ","R$ 3.052,96 ",COMBUSTIVEL ,DESP. PRODUCAO   
5/20/2025,,QQN-8J78,HD PETROLEO CAXIAS LTDA,620846,622360,1514,"563,52","2,69","0,00","0,00","R$ 0,00 ","R$ 3.093,70 ",COMBUSTIVEL ,DESP. PRODUCAO   
5/21/2025,,BAP-2G73,AUTO POSTO DE COMBUSTIVEIS RIBEIRAO LTDA,34629,35614,985,"300,00","3,28","0,00","0,00","R$ 0,00 ","R$ 1.587,00 ",COMBUSTIVEL ,DESP. PRODUCAO   
5/21/2025,,PFB-2A13,AUTO POSTO ALVARES E DUTRA COMERCIO DE COMBUSTIVEIS LTDA,1069334,1070003,669,"240,00","2,79","0,00","0,00","R$ 0,00 ","R$ 1.293,60 ",COMBUSTIVEL ,DESP. PRODUCAO   
5/22/2025,,SNO-6F99,POSTO DE COMBUSTIVEL ALTO DA SERRA LTDA,157617,158947,1330,"150,00","8,87","0,00","0,00","R$ 0,00 ","R$ 870,00 ",COMBUSTIVEL ,DESP. PRODUCAO   
5/22/2025,,SOC-0G05,J A SOBRAL & CIA LTDA,114132,115593,1461,"300,00","4,87","0,00","0,00","R$ 0,00 ","R$ 1.587,00 ",COMBUSTIVEL ,DESP. PRODUCAO   
5/22/2025,,SNO-6F99,J. H . COMBUSTIVEIS LTDA,158947,159232,285,"200,00","1,42","0,00","0,00","R$ 0,00 ","R$ 1.110,00 ",COMBUSTIVEL ,DESP. PRODUCAO   
5/23/2025,,PFB-2A13,VILA JARDIM COMERCIO DE COMBUSTIVEL LTDA,1070003,1070805,802,"200,00","4,01","0,00","0,00","R$ 0,00 ","R$ 1.078,00 ",COMBUSTIVEL ,DESP. PRODUCAO   
5/23/2025,,QIZ-3E10,AUTO POSTO POLO LTDA,588521,590364,1843,"100,00","18,43","0,00","0,00","R$ 0,00 ","R$ 559,00 ",COMBUSTIVEL ,DESP. PRODUCAO   
5/23/2025,,SNO-6F99,TORRES COMERCIO E DERIVADOS DE PETROLEO LTDA,159232,159490,258,"400,00","0,64","0,00","0,00","R$ 0,00 ","R$ 2.184,00 ",COMBUSTIVEL ,DESP. PRODUCAO   
5/24/2025,,PES-6F45,AUTO POSTO DE COMBUSTIVEIS RIBEIRAO LTDA,1159348,1159488,140,"300,00","0,47","0,00","0,00","R$ 0,00 ","R$ 1.587,01 ",COMBUSTIVEL ,DESP. PRODUCAO   
5/25/2025,,SOC-0G05,MARIAH COMERCIO DE COMBUSTIVEIS LTDA,115593,116364,771,"562,55","1,37","0,00","0,00","R$ 0,00 ","R$ 2.975,89 ",COMBUSTIVEL ,DESP. PRODUCAO   
5/26/2025,,QQN-8J78,IRMAOS VASCONCELOS LTDA,622360,623666,1306,"487,08","2,68","0,00","0,00","R$ 0,00 ","R$ 2.654,59 ",COMBUSTIVEL ,DESP. PRODUCAO   
5/26/2025,,EGJ-4B71,AUTO POSTO QUATRO IRMAOS LTDA,6264,6673,409,"100,00","4,09","0,00","0,00","R$ 0,00 ","R$ 539,00 ",COMBUSTIVEL ,DESP. PRODUCAO   
5/26/2025,,BAP-2G73,MARIAH COMERCIO DE COMBUSTIVEIS LTDA,35614,36333,719,"300,00","2,40","0,00","0,00","R$ 0,00 ","R$ 1.587,00 ",COMBUSTIVEL ,DESP. PRODUCAO   
5/26/2025,,QIZ-3E10,POSTO IPIRANGAO LTDA,590364,590715,351,"500,00","0,70","0,00","0,00","R$ 0,00 ","R$ 2.645,00 ",COMBUSTIVEL ,DESP. PRODUCAO   
5/27/2025,,SNO-6F99,AUTO POSTO DE COMBUSTIVEIS RIBEIRAO LTDA,159490,160479,989,"300,00","3,30","0,00","0,00","R$ 0,00 ","R$ 1.587,00 ",COMBUSTIVEL ,DESP. PRODUCAO   
5/27/2025,,PFB-2A13,MARIAH COMERCIO DE COMBUSTIVEIS LTDA,1070805,1071267,462,"161,12","2,87","0,00","0,00","R$ 0,00 ","R$ 852,32 ",COMBUSTIVEL ,DESP. PRODUCAO   
5/27/2025,,EGJ-4B71,CEMOPEL CM PETROLEO LTDA,6673,6899,226,"100,00","2,26","0,00","0,00","R$ 0,00 ","R$ 539,00 ",COMBUSTIVEL ,DESP. PRODUCAO   
5/27/2025,,PES-6F45,AUTO POSTO DE COMBUSTIVEIS RIBEIRAO LTDA,1159488,1160078,590,"300,00","1,97","0,00","0,00","R$ 0,00 ","R$ 1.587,00 ",COMBUSTIVEL ,DESP. PRODUCAO   
5/28/2025,,SNO-6F99,AUTO POSTO DE COMBUSTIVEIS RIBEIRAO LTDA,160479,161036,557,"300,00","1,86","0,00","0,00","R$ 0,00 ","R$ 1.587,00 ",COMBUSTIVEL ,DESP. PRODUCAO   
5/28/2025,,EGJ-4B71,AUTO POSTO ALVARES E DUTRA COMERCIO DE COMBUSTIVEIS LTDA,6899,7223,324,"100,00","3,24","0,00","0,00","R$ 0,00 ","R$ 539,00 ",COMBUSTIVEL ,DESP. PRODUCAO   
5/28/2025,,SOC-0G05,MARIAH COMERCIO DE COMBUSTIVEIS LTDA,116364,117909,1545,"547,05","2,82","0,00","0,00","R$ 0,00 ","R$ 2.893,89 ",COMBUSTIVEL ,DESP. PRODUCAO   
5/28/2025,,PFB-2A13,INVESTGAS LOCACAO E INVESTIMENTO LIMITADA,1071267,1072212,945,"100,00","9,45","0,00","0,00","R$ 0,00 ","R$ 539,00 ",COMBUSTIVEL ,DESP. PRODUCAO   
5/29/2025,,BAP-2G73,AUTO POSTO DE COMBUSTIVEIS RIBEIRAO LTDA,36333,37315,982,"300,00","3,27","0,00","0,00","R$ 0,00 ","R$ 1.587,00 ",COMBUSTIVEL ,DESP. PRODUCAO   
5/29/2025,,EGJ-4B71,HILTON PINHEIRO DANTAS & CIA LTDA,7223,7707,484,"100,12","4,83","0,00","0,00","R$ 0,00 ","R$ 599,72 ",COMBUSTIVEL ,DESP. PRODUCAO   
5/29/2025,,SNO-6F99,AUTO POSTO DE COMBUSTIVEIS RIBEIRAO LTDA,161036,161429,393,"459,72","0,85","0,00","0,00","R$ 0,00 ","R$ 2.431,93 ",COMBUSTIVEL ,DESP. PRODUCAO   
5/29/2025,,QIZ-3E10,POSTO IPIRANGAO LTDA,590715,591866,1151,"300,00","3,84","0,00","0,00","R$ 0,00 ","R$ 1.587,00 ",COMBUSTIVEL ,DESP. PRODUCAO   
5/29/2025,,RCP-3F78,POSTO 13 PETROLEO LTDA,503036,505121,2085,"200,00","10,43","0,00","0,00","R$ 0,00 ","R$ 1.158,00 ",COMBUSTIVEL ,DESP. PRODUCAO   
5/30/2025,,SNO-6F99,J. H . COMBUSTIVEIS LTDA,161429,162534,1105,"388,00","2,85","0,00","0,00","R$ 0,00 ","R$ 2.153,42 ",COMBUSTIVEL ,DESP. PRODUCAO   
5/30/2025,,PFB-2A13,VILA JARDIM COMERCIO DE COMBUSTIVEL LTDA,1072212,1072552,340,"225,74","1,51","0,00","0,00","R$ 0,00 ","R$ 1.216,74 ",COMBUSTIVEL ,DESP. PRODUCAO   
5/30/2025,,QQN-8J78,POSTO LEAO LTDA,623666,625277,1611,"551,11","2,92","0,00","0,00","R$ 0,00 ","R$ 2.915,37 ",COMBUSTIVEL ,DESP. PRODUCAO   
5/31/2025,,PES-6F45,MARIAH COMERCIO DE COMBUSTIVEIS LTDA,1160078,1160751,673,"300,00","2,24","0,00","0,00","R$ 0,00 ","R$ 1.575,00 ",COMBUSTIVEL ,DESP. PRODUCAO   
6/1/2025,,SNO-6F99,POEIRAO MEGA POSTO DE COMBUSTIVEIS LTDA,162534,163752,1218,"150,00","8,12","0,00","0,00","R$ 0,00 ","R$ 862,50 ",COMBUSTIVEL ,DESP. PRODUCAO   
6/2/2025,,SNO-6F99,J. H . COMBUSTIVEIS LTDA,163752,164145,393,"196,22","2,00","0,00","0,00","R$ 0,00 ","R$ 1.089,00 ",COMBUSTIVEL ,DESP. PRODUCAO   
6/2/2025,,SNO-6F99,TORRES COMERCIO E DERIVADOS DE PETROLEO LTDA,164145,164403,258,"400,15","0,64","0,00","0,00","R$ 0,00 ","R$ 2.164,81 ",COMBUSTIVEL ,DESP. PRODUCAO   
6/2/2025,,PFB-2A13,AUTO POSTO ALVARES E DUTRA COMERCIO DE COMBUSTIVEIS LTDA,1072552,1073005,453,"125,14","3,62","0,00","0,00","R$ 0,00 ","R$ 674,48 ",COMBUSTIVEL ,DESP. PRODUCAO   
6/3/2025,,SNO-6F99,AUTO POSTO DE COMBUSTIVEIS RIBEIRAO LTDA,164403,165099,696,"300,00","2,32","0,00","0,00","R$ 0,00 ","R$ 1.575,00 ",COMBUSTIVEL ,DESP. PRODUCAO   
6/3/2025,,EGJ-4B71,AUTO POSTO ALVARES E DUTRA COMERCIO DE COMBUSTIVEIS LTDA,7707,8256,549,"100,00","5,49","0,00","0,00","R$ 0,00 ","R$ 539,00 ",COMBUSTIVEL ,DESP. PRODUCAO   
6/4/2025,,PFB-2A13,AUTO POSTO ALVARES E DUTRA COMERCIO DE COMBUSTIVEIS LTDA,1073005,1073859,854,"213,43","4,00","0,00","0,00","R$ 0,00 ","R$ 1.150,38 ",COMBUSTIVEL ,DESP. PRODUCAO   
6/4/2025,,EGJ-4B71,TAPAJOS PRODUTOS DE PETROLEO LTDA,8256,8629,373,"100,00","3,73","0,00","0,00","R$ 0,00 ","R$ 619,00 ",COMBUSTIVEL ,DESP. PRODUCAO   
6/5/2025,,RCP-3F78,M E ARAGAO,505121,505994,873,"200,00","4,36","0,00","0,00","R$ 0,00 ","R$ 1.110,00 ",COMBUSTIVEL ,DESP. PRODUCAO   
6/5/2025,,SOC-0G05,RPMP COMERCIO DE COMBUSTIVEIS LTDA,117909,119368,1459,"504,91","2,89","0,00","0,00","R$ 0,00 ","R$ 2.706,30 ",COMBUSTIVEL ,DESP. PRODUCAO   
6/5/2025,,PFB-2A13,AUTO POSTO ALVARES E DUTRA COMERCIO DE COMBUSTIVEIS LTDA,1073859,1074277,418,"105,77","3,95","0,00","0,00","R$ 0,00 ","R$ 570,08 ",COMBUSTIVEL ,DESP. PRODUCAO   
6/6/2025,,PES-6F45,MARIAH COMERCIO DE COMBUSTIVEIS LTDA,1160751,1161335,584,"200,00","2,92","0,00","0,00","R$ 0,00 ","R$ 1.098,00 ",COMBUSTIVEL ,DESP. PRODUCAO   
6/6/2025,,EGJ-4B71,VILA JARDIM COMERCIO DE COMBUSTIVEL LTDA,8629,8757,128,"100,00","1,28","0,00","0,00","R$ 0,00 ","R$ 539,00 ",COMBUSTIVEL ,DESP. PRODUCAO   
6/7/2025,,PFB-2A13,VILA JARDIM COMERCIO DE COMBUSTIVEL LTDA,1074277,1075170,893,"237,37","3,76","0,00","0,00","R$ 0,00 ","R$ 1.279,42 ",COMBUSTIVEL ,DESP. PRODUCAO   
6/8/2025,,SOC-0G05,POEIRAO MEGA POSTO DE COMBUSTIVEIS LTDA,119368,120881,1513,"200,00","7,57","0,00","0,00","R$ 0,00 ","R$ 1.188,00 ",COMBUSTIVEL ,DESP. PRODUCAO   
6/8/2025,,SNO-6F99,AUTO POSTO ALVARES E DUTRA COMERCIO DE COMBUSTIVEIS LTDA,165099,165427,328,"457,01","0,72","0,00","0,00","R$ 0,00 ","R$ 2.417,56 ",COMBUSTIVEL ,DESP. PRODUCAO   
6/9/2025,,SOC-0G05,TORRES COMERCIO E DERIVADOS DE PETROLEO LTDA,120881,121543,662,"250,00","2,65","0,00","0,00","R$ 0,00 ","R$ 1.340,00 ",COMBUSTIVEL ,DESP. PRODUCAO   
6/10/2025,,PES-6F45,PARADA CERTA COMERCIO DE COMBUSTIVEIS LTDA,1161335,1161997,662,"200,00","3,31","0,00","0,00","R$ 0,00 ","R$ 1.078,00 ",COMBUSTIVEL ,DESP. PRODUCAO   
6/10/2025,,SNO-6F99,REDE JG GONZAGAO COMERCIO DE COMBUSTIVEIS E LUBRIFICANTES LTDA,165427,166440,1013,"477,00","2,12","0,00","0,00","R$ 0,00 ","R$ 2.690,29 ",COMBUSTIVEL ,DESP. PRODUCAO   
6/11/2025,,SOC-0G05,RPMP COMERCIO DE COMBUSTIVEIS LTDA,121543,121813,270,"430,82","0,63","0,00","0,00","R$ 0,00 ","R$ 2.309,17 ",COMBUSTIVEL ,DESP. PRODUCAO   
6/11/2025,,PFB-2A13,AUTO POSTO ALVARES E DUTRA COMERCIO DE COMBUSTIVEIS LTDA,1075170,1076030,860,"227,28","3,78","0,00","0,00","R$ 0,00 ","R$ 1.225,02 ",COMBUSTIVEL ,DESP. PRODUCAO   
6/11/2025,,QIZ-3E10,COMERCIO DE COMBUSTIVEIS JAQUEIRA LTDA,591866,593776,1910,"175,26","10,90","0,00","0,00","R$ 0,00 ","R$ 939,38 ",COMBUSTIVEL ,DESP. PRODUCAO   
6/11/2025,,EGJ-4B71,PHENIX COMERCIO DE COMBUSTIVEIS LTDA,8757,9146,389,"150,00","2,59","0,00","0,00","R$ 0,00 ","R$ 808,50 ",COMBUSTIVEL ,DESP. PRODUCAO   
6/11/2025,,QQN-8J78,HD PETROLEO CAXIAS LTDA,625277,627846,2569,"531,91","4,83","0,00","0,00","R$ 0,00 ","R$ 2.845,72 ",COMBUSTIVEL ,DESP. PRODUCAO   
6/12/2025,,RCP-3F78,M E ARAGAO,505994,506709,715,"200,00","3,58","0,00","0,00","R$ 0,00 ","R$ 1.098,00 ",COMBUSTIVEL ,DESP. PRODUCAO   
6/12/2025,,EGJ-4B71,VILA JARDIM COMERCIO DE COMBUSTIVEL LTDA,9146,9659,513,"100,00","5,13","0,00","0,00","R$ 0,00 ","R$ 539,00 ",COMBUSTIVEL ,DESP. PRODUCAO   
6/13/2025,,RCP-3F78,AUTO POSTO RAINHA LTDA,506709,507219,510,"200,00","2,55","0,00","0,00","R$ 0,00 ","R$ 1.094,00 ",COMBUSTIVEL ,DESP. PRODUCAO   
6/13/2025,,SNO-6F99,POSTO SAO ROQUE CERRADAO LTDA,166440,167800,1360,"511,00","2,66","0,00","0,00","R$ 0,00 ","R$ 2.963,80 ",COMBUSTIVEL ,DESP. PRODUCAO   
6/13/2025,,PFB-2A13,J A D ARAUJO & CIA LTDA,1076030,1076921,891,"239,54","3,72","0,00","0,00","R$ 0,00 ","R$ 1.291,15 ",COMBUSTIVEL ,DESP. PRODUCAO   
6/13/2025,,SNO-6F99,BAHIA PIAUI COMBUSTIVEIS LTDA,167800,168041,241,"118,79","2,03","0,00","0,00","R$ 0,00 ","R$ 711,52 ",COMBUSTIVEL ,DESP. PRODUCAO   
6/14/2025,,QIZ-3E10,COMERCIO DE COMBUSTIVEIS JAQUEIRA LTDA,595411,595995,584,"300,00","1,95","0,00","0,00","R$ 0,00 ","R$ 1.608,00 ",COMBUSTIVEL ,DESP. PRODUCAO   
6/14/2025,,QIZ-3E10,POSTO DE COMBUSTIVEL ALTO DA SERRA LTDA,593776,595411,1635,"100,00","16,35","0,00","0,00","R$ 0,00 ","R$ 580,00 ",COMBUSTIVEL ,DESP. PRODUCAO   
6/14/2025,,SOC-0G05,REDE DOM PEDRO DE POSTOS LTDA.,121813,123206,1393,"200,00","6,97","0,00","0,00","R$ 0,00 ","R$ 1.148,00 ",COMBUSTIVEL ,DESP. PRODUCAO   
6/14/2025,,EGJ-4B71,VILA JARDIM COMERCIO DE COMBUSTIVEL LTDA,9659,9932,273,"150,00","1,82","0,00","0,00","R$ 0,00 ","R$ 823,50 ",COMBUSTIVEL ,DESP. PRODUCAO   
6/15/2025,,SNO-6F99,POSTO CORUJAO LTDA,168041,168869,828,"150,00","5,52","0,00","0,00","R$ 0,00 ","R$ 898,50 ",COMBUSTIVEL ,DESP. PRODUCAO   
6/15/2025,,SOC-0G05,TORRES COMERCIO E DERIVADOS DE PETROLEO LTDA,123206,123961,755,"250,00","3,02","0,00","0,00","R$ 0,00 ","R$ 1.340,00 ",COMBUSTIVEL ,DESP. PRODUCAO   
6/16/2025,,PES-6F45,INVESTGAS LOCACAO E INVESTIMENTO LIMITADA,1161997,1162363,366,"300,00","1,22","0,00","0,00","R$ 0,00 ","R$ 1.647,00 ",COMBUSTIVEL ,DESP. PRODUCAO   
6/16/2025,,SNO-6F99,SEVERINO ALMEIDA CHAVES,168869,169407,538,"602,84","0,89","0,00","0,00","R$ 0,00 ","R$ 3.400,02 ",COMBUSTIVEL ,DESP. PRODUCAO   
6/16/2025,,PEL-9J12,CEMOPEL CM PETROLEO LTDA,593951,595451,1500,"300,00","5,00","0,00","0,00","R$ 0,00 ","R$ 1.647,00 ",COMBUSTIVEL ,DESP. PRODUCAO   
6/17/2025,,EGJ-4B71,CEMOPEL CM PETROLEO LTDA,9932,10374,442,"150,00","2,95","0,00","0,00","R$ 0,00 ","R$ 823,50 ",COMBUSTIVEL ,DESP. PRODUCAO   
6/17/2025,,PES-6F45,J A D ARAUJO & CIA LTDA,1162363,1162631,268,"424,89","0,63","0,00","0,00","R$ 0,00 ","R$ 2.417,62 ",COMBUSTIVEL ,DESP. PRODUCAO   
6/17/2025,,PEL-9J12,MARIAH COMERCIO DE COMBUSTIVEIS LTDA,595451,596075,624,"300,00","2,08","0,00","0,00","R$ 0,00 ","R$ 1.647,00 ",COMBUSTIVEL ,DESP. PRODUCAO   
6/18/2025,,RCP-3F78,AUTO POSTO DE COMBUSTIVEIS RIBEIRAO LTDA,507219,508143,924,"300,00","3,08","0,00","0,00","R$ 0,00 ","R$ 1.647,00 ",COMBUSTIVEL ,DESP. PRODUCAO   
6/18/2025,,QQN-8J78,AUTO POSTO POLO LTDA,627846,629367,1521,"100,00","15,21","0,00","0,00","R$ 0,00 ","R$ 545,00 ",COMBUSTIVEL ,DESP. PRODUCAO   
6/18/2025,,SOC-0G05,GAM COMERCIO DE COMBUSTIVEIS LTDA,123961,124330,369,"300,01","1,23","0,00","0,00","R$ 0,00 ","R$ 1.671,03 ",COMBUSTIVEL ,DESP. PRODUCAO   
6/18/2025,,SNO-6F99,POSTO SAO ROQUE CERRADAO LTDA,169407,170992,1585,"400,00","3,96","0,00","0,00","R$ 0,00 ","R$ 2.320,00 ",COMBUSTIVEL ,DESP. PRODUCAO   
6/18/2025,,PFB-2A13,VILA JARDIM COMERCIO DE COMBUSTIVEL LTDA,1076921,1077546,625,"175,80","3,56","0,00","0,00","R$ 0,00 ","R$ 965,14 ",COMBUSTIVEL ,DESP. PRODUCAO   
6/18/2025,,QQN-8J78,AUTO POSTO DE COMBUSTIVEIS RIBEIRAO LTDA,629367,629555,188,"490,05","0,38","0,00","0,00","R$ 0,00 ","R$ 2.690,39 ",COMBUSTIVEL ,DESP. PRODUCAO   
6/19/2025,,PEL-9J12,AUTO POSTO DE COMBUSTIVEIS RIBEIRAO LTDA,596075,596742,667,"270,66","2,46","0,00","0,00","R$ 0,00 ","R$ 1.485,93 ",COMBUSTIVEL ,DESP. PRODUCAO   
6/19/2025,,PFB-2A13,PARADA CERTA COMERCIO DE COMBUSTIVEIS LTDA,1077546,1078522,976,"249,12","3,92","0,00","0,00","R$ 0,00 ","R$ 1.367,67 ",COMBUSTIVEL ,DESP. PRODUCAO   
6/20/2025,,PES-6F45,POSTO VALENTIM VALENCA LTDA,1162631,1164092,1461,"300,00","4,87","0,00","0,00","R$ 0,00 ","R$ 1.695,00 ",COMBUSTIVEL ,DESP. PRODUCAO   
6/20/2025,,QIZ-3E10,MARIAH COMERCIO DE COMBUSTIVEIS LTDA,595995,596970,975,"300,00","3,25","0,00","0,00","R$ 0,00 ","R$ 1.647,00 ",COMBUSTIVEL ,DESP. PRODUCAO   
6/20/2025,,PEL-9J12,REDE JG POJUCA COMERCIO DE COMBUSTIVEIS E LUBRIFICANTES LTDA,596742,597496,754,"100,00","7,54","0,00","0,00","R$ 0,00 ","R$ 574,02 ",COMBUSTIVEL ,DESP. PRODUCAO   
6/21/2025,,EGJ-4B71,VILA JARDIM COMERCIO DE COMBUSTIVEL LTDA,10374,10985,611,"100,00","6,11","0,00","0,00","R$ 0,00 ","R$ 549,00 ",COMBUSTIVEL ,DESP. PRODUCAO   
6/21/2025,,SNO-6F99,TORRES COMERCIO E DERIVADOS DE PETROLEO LTDA,172035,172293,258,"614,25","0,42","0,00","0,00","R$ 0,00 ","R$ 3.286,22 ",COMBUSTIVEL ,DESP. PRODUCAO   
6/21/2025,,SNO-6F99,J. H . COMBUSTIVEIS LTDA,170992,172035,1043,"200,00","5,22","0,00","0,00","R$ 0,00 ","R$ 1.158,00 ",COMBUSTIVEL ,DESP. PRODUCAO   
6/21/2025,,PFB-2A13,COMERCIO DE COMBUSTIVEIS PARNAMIRIM LTDA,1078522,1079415,893,"150,00","5,95","0,00","0,00","R$ 0,00 ","R$ 835,50 ",COMBUSTIVEL ,DESP. PRODUCAO   
6/21/2025,,PEL-9J12,N A & CIA LTDA,597496,597731,235,"303,21","0,78","0,00","0,00","R$ 0,00 ","R$ 1.707,07 ",COMBUSTIVEL ,DESP. PRODUCAO   
6/21/2025,,QQN-8J78,POSTO SANTA BEATRIZ LTDA,629555,630937,1382,"200,00","6,91","0,00","0,00","R$ 0,00 ","R$ 1.078,00 ",COMBUSTIVEL ,DESP. PRODUCAO   
6/22/2025,,RCP-3F78,VILA JARDIM COMERCIO DE COMBUSTIVEL LTDA,508143,509416,1273,"551,92","2,31","0,00","0,00","R$ 0,00 ","R$ 3.030,04 ",COMBUSTIVEL ,DESP. PRODUCAO   
6/24/2025,,SOC-0G05,MARIAH COMERCIO DE COMBUSTIVEIS LTDA,124330,125080,750,"552,25","1,36","0,00","0,00","R$ 0,00 ","R$ 3.031,85 ",COMBUSTIVEL ,DESP. PRODUCAO   
6/24/2025,,QIZ-3E10,AUTO POSTO POLO LTDA,596970,597742,772,"620,01","1,25","0,00","0,00","R$ 0,00 ","R$ 3.379,05 ",COMBUSTIVEL ,DESP. PRODUCAO   
6/24/2025,,QQN-8J78,VILA DE GOIANA COMERCIO DE COMBUSTIVEIS LTDA,630937,631439,502,"464,48","1,08","0,00","0,00","R$ 0,00 ","R$ 2.550,00 ",COMBUSTIVEL ,DESP. PRODUCAO   
6/25/2025,,PEL-9J12,POSTO IPIRANGAO LTDA,597731,598297,566,"300,00","1,89","0,00","0,00","R$ 0,00 ","R$ 1.647,00 ",COMBUSTIVEL ,DESP. PRODUCAO   
6/25/2025,,SOC-0G05,COMERCIO DE COMBUSTIVEIS SANTO ESTEVAO LTDA,125080,125839,759,"192,39","3,95","0,00","0,00","R$ 0,00 ","R$ 1.063,93 ",COMBUSTIVEL ,DESP. PRODUCAO   
6/25/2025,,SNO-6F99,AUTO POSTO DE COMBUSTIVEIS RIBEIRAO LTDA,172293,173200,907,"200,00","4,53","0,00","0,00","R$ 0,00 ","R$ 1.098,00 ",COMBUSTIVEL ,DESP. PRODUCAO   
6/26/2025,,PEL-9J12,MARIAH COMERCIO DE COMBUSTIVEIS LTDA,598297,598850,553,"300,00","1,84","0,00","0,00","R$ 0,00 ","R$ 1.647,00 ",COMBUSTIVEL ,DESP. PRODUCAO   
6/26/2025,,PFB-2A13,J B COMBUSTIVEIS LTDA,1079415,1080848,1433,"100,00","14,33","0,00","0,00","R$ 0,00 ","R$ 576,00 ",COMBUSTIVEL ,DESP. PRODUCAO   
6/26/2025,,RCP-3F78,AUTO POSTO ALVARES E DUTRA COMERCIO DE COMBUSTIVEIS LTDA,509416,511245,1829,"502,55","3,64","0,00","0,00","R$ 0,00 ","R$ 2.758,97 ",COMBUSTIVEL ,DESP. PRODUCAO   
6/26/2025,,PES-6F45,VILA JARDIM COMERCIO DE COMBUSTIVEL LTDA,1164092,1165311,1219,"200,91","6,07","0,00","0,00","R$ 0,00 ","R$ 1.103,00 ",COMBUSTIVEL ,DESP. PRODUCAO   
6/26/2025,,QIZ-3E10,TIANGUA PETROLEO LTDA,597742,599184,1442,"300,00","4,81","0,00","0,00","R$ 30,00 ","R$ 1.677,00 ",COMBUSTIVEL ,DESP. PRODUCAO   
6/27/2025,,PFB-2A13,CEMOPEL CM PETROLEO LTDA,1080848,1081239,391,"100,00","3,91","0,00","0,00","R$ 0,00 ","R$ 549,00 ",COMBUSTIVEL ,DESP. PRODUCAO   
6/27/2025,,SNO-6F99,RPMP COMERCIO DE COMBUSTIVEIS LTDA,173200,173999,799,"589,29","1,36","0,00","0,00","R$ 0,00 ","R$ 3.247,00 ",COMBUSTIVEL ,DESP. PRODUCAO   
6/27/2025,,SOC-0G05,POEIRAO MEGA POSTO DE COMBUSTIVEIS LTDA,125839,127304,1465,"200,00","7,32","0,00","0,00","R$ 0,00 ","R$ 1.192,00 ",COMBUSTIVEL ,DESP. PRODUCAO   
6/28/2025,,SNO-6F99,GF COMERCIO DE DERIVADOS DE PETROLEO LTDA,173999,174235,236,"113,31","2,08","0,00","0,00","R$ 0,00 ","R$ 630,03 ",COMBUSTIVEL ,DESP. PRODUCAO   
6/28/2025,,SNO-6F99,POSTO SAO ROQUE CERRADAO LTDA,174235,174828,593,"311,04","1,91","0,00","0,00","R$ 0,00 ","R$ 1.847,58 ",COMBUSTIVEL ,DESP. PRODUCAO   
6/29/2025,,SOC-0G05,TORRES COMERCIO E DERIVADOS DE PETROLEO LTDA,127304,127967,663,"250,00","2,65","0,00","0,00","R$ 0,00 ","R$ 1.377,50 ",COMBUSTIVEL ,DESP. PRODUCAO   
6/29/2025,,QIZ-3E10,VILA JARDIM COMERCIO DE COMBUSTIVEL LTDA,599184,600225,1041,"200,00","5,20","0,00","0,00","R$ 0,00 ","R$ 1.098,00 ",COMBUSTIVEL ,DESP. PRODUCAO   
6/30/2025,,PEL-9J12,MARIAH COMERCIO DE COMBUSTIVEIS LTDA,598850,599490,640,"304,88","2,10","0,00","0,00","R$ 0,00 ","R$ 1.673,79 ",COMBUSTIVEL ,DESP. PRODUCAO   
7/1/2025,,PFB-2A13,VILA DE GOIANA COMERCIO DE COMBUSTIVEIS LTDA,1081239,1081518,279,"200,00","1,39","0,00","0,00","R$ 0,00 ","R$ 1.098,00 ",COMBUSTIVEL ,DESP. PRODUCAO   
7/1/2025,,SOC-0G05,GAM COMERCIO DE COMBUSTIVEIS LTDA,127967,128350,383,"300,00","1,28","0,00","0,00","R$ 0,00 ","R$ 1.692,00 ",COMBUSTIVEL ,DESP. PRODUCAO   
7/1/2025,,PEL-9J12,POSTO AR COMBUSTIVEIS LTDA,599490,600089,599,"285,33","2,10","0,00","0,00","R$ 0,00 ","R$ 1.566,46 ",COMBUSTIVEL ,DESP. PRODUCAO   
7/1/2025,,SNO-6F99,GF COMERCIO DE DERIVADOS DE PETROLEO LTDA,174828,176002,1174,"100,00","11,74","0,00","0,00","R$ 0,00 ","R$ 556,00 ",COMBUSTIVEL ,DESP. PRODUCAO   
7/1/2025,,QQN-8J78,POSTO DA VILA LTDA,631439,632795,1356,"200,00","6,78","0,00","0,00","R$ 0,00 ","R$ 1.138,00 ",COMBUSTIVEL ,DESP. PRODUCAO   
7/2/2025,,PES-6F45,MARIAH COMERCIO DE COMBUSTIVEIS LTDA,1165311,1166019,708,"300,00","2,36","0,00","0,00","R$ 0,00 ","R$ 1.647,00 ",COMBUSTIVEL ,DESP. PRODUCAO   
7/2/2025,,SNO-6F99,TORRES COMERCIO E DERIVADOS DE PETROLEO LTDA,176002,176238,236,"500,00","0,47","0,00","0,00","R$ 0,00 ","R$ 2.750,00 ",COMBUSTIVEL ,DESP. PRODUCAO   
7/3/2025,,QQN-8J78,VILA JARDIM COMERCIO DE COMBUSTIVEL LTDA,632795,633298,503,"100,00","5,03","0,00","0,00","R$ 0,00 ","R$ 549,00 ",COMBUSTIVEL ,DESP. PRODUCAO   
7/4/2025,,PES-6F45,MARIAH COMERCIO DE COMBUSTIVEIS LTDA,1166019,1166586,567,"300,00","1,89","0,00","0,00","R$ 0,00 ","R$ 1.647,00 ",COMBUSTIVEL ,DESP. PRODUCAO   
7/4/2025,,PEL-9J12,AUTO POSTO DE COMBUSTIVEIS RIBEIRAO LTDA,600089,600641,552,"260,94","2,12","0,00","0,00","R$ 0,00 ","R$ 1.432,58 ",COMBUSTIVEL ,DESP. PRODUCAO   
7/4/2025,,SOC-0G05,MARIAH COMERCIO DE COMBUSTIVEIS LTDA,128350,128977,627,"445,48","1,41","0,00","0,00","R$ 0,00 ","R$ 2.445,69 ",COMBUSTIVEL ,DESP. PRODUCAO   
7/4/2025,,QQN-8J78,AUTO POSTO DE COMBUSTIVEIS RIBEIRAO LTDA,633298,633490,192,"300,00","0,64","0,00","0,00","R$ 0,00 ","R$ 1.647,00 ",COMBUSTIVEL ,DESP. PRODUCAO   
7/5/2025,,PFB-2A13,AUTO POSTO ALVARES E DUTRA COMERCIO DE COMBUSTIVEIS LTDA,1081518,1082100,582,"200,00","2,91","0,00","0,00","R$ 0,00 ","R$ 1.098,00 ",COMBUSTIVEL ,DESP. PRODUCAO   
7/5/2025,,RCP-3F78,AUTO POSTO ALVARES E DUTRA COMERCIO DE COMBUSTIVEIS LTDA,511245,513292,2047,"200,00","10,23","0,00","0,00","R$ 0,00 ","R$ 1.090,00 ",COMBUSTIVEL ,DESP. PRODUCAO   
7/6/2025,,QQN-8J78,VILA DE GOIANA COMERCIO DE COMBUSTIVEIS LTDA,633490,634020,530,"438,17","1,21","0,00","0,00","R$ 0,00 ","R$ 2.405,55 ",COMBUSTIVEL ,DESP. PRODUCAO   
7/7/2025,,PES-6F45,MARIAH COMERCIO DE COMBUSTIVEIS LTDA,1166586,1167150,564,"300,00","1,88","0,00","0,00","R$ 0,00 ","R$ 1.647,00 ",COMBUSTIVEL ,DESP. PRODUCAO   
7/7/2025,,SNO-6F99,MARIAH COMERCIO DE COMBUSTIVEIS LTDA,176238,177128,890,"300,00","2,97","0,00","0,00","R$ 0,00 ","R$ 1.647,00 ",COMBUSTIVEL ,DESP. PRODUCAO   
7/7/2025,,QIZ-3E10,CEMOPEL CM PETROLEO LTDA,600225,600736,511,"100,00","5,11","0,00","0,00","R$ 0,00 ","R$ 549,00 ",COMBUSTIVEL ,DESP. PRODUCAO   
7/7/2025,,PFB-2A13,CEMOPEL CM PETROLEO LTDA,1082100,1082632,532,"168,51","3,16","0,00","0,00","R$ 0,00 ","R$ 925,12 ",COMBUSTIVEL ,DESP. PRODUCAO   
7/8/2025,,EGJ-4B71,CEMOPEL CM PETROLEO LTDA,10985,11487,502,"100,00","5,02","0,00","0,00","R$ 0,00 ","R$ 549,00 ",COMBUSTIVEL ,DESP. PRODUCAO   
7/8/2025,,SOC-0G05,AUTO POSTO DE COMBUSTIVEIS RIBEIRAO LTDA,128977,130596,1619,"566,24","2,86","0,00","0,00","R$ 0,00 ","R$ 3.108,65 ",COMBUSTIVEL ,DESP. PRODUCAO   
7/8/2025,,QQN-8J78,VILA DE GOIANA COMERCIO DE COMBUSTIVEIS LTDA,634020,635575,1555,"100,00","15,55","0,00","0,00","R$ 0,00 ","R$ 549,00 ",COMBUSTIVEL ,DESP. PRODUCAO   
7/9/2025,,PES-6F45,MARIAH COMERCIO DE COMBUSTIVEIS LTDA,1167150,1167715,565,"300,00","1,88","0,00","0,00","R$ 0,00 ","R$ 1.647,00 ",COMBUSTIVEL ,DESP. PRODUCAO   
7/9/2025,,RCP-3F78,ANA P PIMENTEL BANDEIRA DE SANTANA LTDA,513292,514195,903,"100,00","9,03","0,00","0,00","R$ 0,00 ","R$ 618,00 ",COMBUSTIVEL ,DESP. PRODUCAO   
7/9/2025,,QQN-8J78,VILA DE GOIANA COMERCIO DE COMBUSTIVEIS LTDA,635575,635663,88,"478,26","0,18","0,00","0,00","R$ 0,00 ","R$ 2.625,65 ",COMBUSTIVEL ,DESP. PRODUCAO   
7/9/2025,,PES-6F45,ESCADA COMERCIAL DE COMBUSTIVEIS DOMINGOS LTDA,1167715,1168169,454,"295,00","1,54","0,00","0,00","R$ 0,00 ","R$ 1.619,55 ",COMBUSTIVEL ,DESP. PRODUCAO   
7/9/2025,,SNO-6F99,AUTO POSTO POLO LTDA,177128,177941,813,"200,00","4,07","0,00","0,00","R$ 0,00 ","R$ 1.098,00 ",COMBUSTIVEL ,DESP. PRODUCAO   
7/9/2025,,SOC-0G05,RPMP COMERCIO DE COMBUSTIVEIS LTDA,130596,131306,710,"179,14","3,96","0,00","0,00","R$ 0,00 ","R$ 979,87 ",COMBUSTIVEL ,DESP. PRODUCAO   
7/9/2025,,SNO-6F99,AUTO POSTO DE COMBUSTIVEIS RIBEIRAO LTDA,177941,178134,193,"300,00","0,64","0,00","0,00","R$ 0,00 ","R$ 1.647,00 ",COMBUSTIVEL ,DESP. PRODUCAO   
7/10/2025,,PFB-2A13,CEMOPEL CM PETROLEO LTDA,1082632,1083276,644,"198,72","3,24","0,00","0,00","R$ 0,00 ","R$ 1.090,97 ",COMBUSTIVEL ,DESP. PRODUCAO   
7/10/2025,,RCP-3F78,CEMOPEL CM PETROLEO LTDA,514195,514414,219,"300,00","0,73","0,00","0,00","R$ 0,00 ","R$ 1.647,00 ",COMBUSTIVEL ,DESP. PRODUCAO   
7/11/2025,,SNO-6F99,AUTO POSTO POLO LTDA,178134,179049,915,"200,00","4,57","0,00","0,00","R$ 0,00 ","R$ 1.098,00 ",COMBUSTIVEL ,DESP. PRODUCAO   
7/11/2025,,PFB-2A13,CEMOPEL CM PETROLEO LTDA,1083276,1083546,270,"80,32","3,36","0,00","0,00","R$ 0,00 ","R$ 440,96 ",COMBUSTIVEL ,DESP. PRODUCAO   
7/12/2025,,PFB-2A13,CEMOPEL CM PETROLEO LTDA,1083546,1084330,784,"100,00","7,84","0,00","0,00","R$ 0,00 ","R$ 549,00 ",COMBUSTIVEL ,DESP. PRODUCAO   
7/14/2025,,PES-6F45,POSTO IPIRANGAO LTDA,1168169,1169470,1301,"583,59","2,23","0,00","0,00","R$ 0,00 ","R$ 3.203,91 ",COMBUSTIVEL ,DESP. PRODUCAO   
7/14/2025,,QIZ-3E10,CEMOPEL CM PETROLEO LTDA,600736,601020,284,"300,00","0,95","0,00","0,00","R$ 0,00 ","R$ 1.647,00 ",COMBUSTIVEL ,DESP. PRODUCAO   
7/14/2025,,QQN-8J78,IRMAOS VASCONCELOS LTDA,635663,637238,1575,"540,62","2,91","0,00","0,00","R$ 0,00 ","R$ 2.968,00 ",COMBUSTIVEL ,DESP. PRODUCAO   
7/15/2025,,PFB-2A13,VILA JARDIM COMERCIO DE COMBUSTIVEL LTDA,1084330,1084541,211,"100,00","2,11","0,00","0,00","R$ 0,00 ","R$ 549,00 ",COMBUSTIVEL ,DESP. PRODUCAO   
7/15/2025,,RCP-3F78,CEMOPEL CM PETROLEO LTDA,514414,515449,1035,"200,00","5,18","0,00","0,00","R$ 0,00 ","R$ 1.098,00 ",COMBUSTIVEL ,DESP. PRODUCAO   
7/15/2025,,SOC-0G05,GF COMERCIO DE DERIVADOS DE PETROLEO LTDA,131306,132826,1520,"100,00","15,20","0,00","0,00","R$ 0,00 ","R$ 556,00 ",COMBUSTIVEL ,DESP. PRODUCAO   
7/15/2025,,SNO-6F99,AUTO POSTO DE COMBUSTIVEIS RIBEIRAO LTDA,179049,179844,795,"300,00","2,65","0,00","0,00","R$ 0,00 ","R$ 1.647,00 ",COMBUSTIVEL ,DESP. PRODUCAO   
7/16/2025,,SOC-0G05,TORRES COMERCIO E DERIVADOS DE PETROLEO LTDA,132826,133068,242,"250,00","0,97","0,00","0,00","R$ 0,00 ","R$ 1.337,50 ",COMBUSTIVEL ,DESP. PRODUCAO   
7/16/2025,,QIZ-3E10,POSTO ROTA BARCELONA LTDA,601020,601590,570,"571,84","1,00","0,00","0,00","R$ 0,00 ","R$ 3.139,39 ",COMBUSTIVEL ,DESP. PRODUCAO   
7/16/2025,,SNO-6F99,AUTO POSTO DE COMBUSTIVEIS RIBEIRAO LTDA,179844,180398,554,"300,10","1,85","0,00","0,00","R$ 0,00 ","R$ 1.647,56 ",COMBUSTIVEL ,DESP. PRODUCAO   
7/16/2025,,PFB-2A13,CEMOPEL CM PETROLEO LTDA,1084541,1084931,390,"211,39","1,84","0,00","0,00","R$ 0,00 ","R$ 1.160,53 ",COMBUSTIVEL ,DESP. PRODUCAO   
7/17/2025,,PES-6F45,AUTO POSTO POLO LTDA,1169470,1170878,1408,"200,00","7,04","0,00","0,00","R$ 0,00 ","R$ 1.098,00 ",COMBUSTIVEL ,DESP. PRODUCAO   
7/18/2025,,SNO-6F99,AUTO POSTO DE COMBUSTIVEIS RIBEIRAO LTDA,180398,180950,552,"486,35","1,13","0,00","0,00","R$ 0,00 ","R$ 2.670,07 ",COMBUSTIVEL ,DESP. PRODUCAO   
7/18/2025,,RCP-3F78,VILA JARDIM COMERCIO DE COMBUSTIVEL LTDA,515449,516737,1288,"200,00","6,44","0,00","0,00","R$ 0,00 ","R$ 1.098,00 ",COMBUSTIVEL ,DESP. PRODUCAO   
7/18/2025,,QQN-8J78,ON REDE DE POSTOS LTDA,637238,638229,991,"530,00","1,87","0,00","0,00","R$ 74,71 ","R$ 2.994,00 ",COMBUSTIVEL ,DESP. PRODUCAO   
7/18/2025,,PES-6F45,AUTO POSTO POLO LTDA,1170878,1171440,562,"150,00","3,75","0,00","0,00","R$ 0,00 ","R$ 823,50 ",COMBUSTIVEL ,DESP. PRODUCAO   
7/18/2025,,EGJ-4B71,CEMOPEL CM PETROLEO LTDA,11487,11966,479,"253,48","1,89","0,00","0,00","R$ 0,00 ","R$ 1.391,61 ",COMBUSTIVEL ,DESP. PRODUCAO   
7/19/2025,,PFB-2A13,EDU PETRO COMBUSTIVEIS LTDA,1084931,1085692,761,"50,00","15,22","0,00","0,00","R$ 0,00 ","R$ 314,50 ",COMBUSTIVEL ,DESP. PRODUCAO   
7/20/2025,,QQN-8J78,ON REDE DE POSTOS LTDA,638229,639425,1196,"505,00","2,37","0,00","0,00","R$ 70,71 ","R$ 2.853,26 ",COMBUSTIVEL ,DESP. PRODUCAO   
7/21/2025,,PFB-2A13,CEMOPEL CM PETROLEO LTDA,1085692,1085900,208,"200,00","1,04","0,00","0,00","R$ 0,00 ","R$ 1.098,00 ",COMBUSTIVEL ,DESP. PRODUCAO   
7/21/2025,,SNO-6F99,AUTO POSTO DE COMBUSTIVEIS RIBEIRAO LTDA,180950,182055,1105,"505,01","2,19","0,00","0,00","R$ 0,00 ","R$ 2.772,49 ",COMBUSTIVEL ,DESP. PRODUCAO   
7/21/2025,,RCP-3F78,AUTO POSTO ALVARES E DUTRA COMERCIO DE COMBUSTIVEIS LTDA,516737,516981,244,"487,85","0,50","0,00","0,00","R$ 19,53 ","R$ 2.658,79 ",COMBUSTIVEL ,DESP. PRODUCAO   
7/21/2025,,QIZ-3E10,POSTO IPIRANGAO LTDA,601590,603273,1683,"300,00","5,61","0,00","0,00","R$ 0,00 ","R$ 1.647,00 ",COMBUSTIVEL ,DESP. PRODUCAO   
7/22/2025,,QIZ-3E10,VILA DE GOIANA COMERCIO DE COMBUSTIVEIS LTDA,603273,603872,599,"545,72","1,10","0,00","0,00","R$ 0,00 ","R$ 2.996,00 ",COMBUSTIVEL ,DESP. PRODUCAO   
7/22/2025,,EGJ-4B71,VILA JARDIM COMERCIO DE COMBUSTIVEL LTDA,67,67,0,"100,00","0,00","0,00","0,00","R$ 0,00 ","R$ 549,00 ",COMBUSTIVEL ,DESP. PRODUCAO   
7/22/2025,,PFB-2A13,CEMOPEL CM PETROLEO LTDA,1085900,1085940,40,"43,43","0,92","0,00","0,00","R$ 0,00 ","R$ 238,43 ",COMBUSTIVEL ,DESP. PRODUCAO   
7/22/2025,,SOC-0G05,GAM COMERCIO DE COMBUSTIVEIS LTDA,133068,133537,469,"300,00","1,56","0,00","0,00","R$ 0,00 ","R$ 1.677,00 ",COMBUSTIVEL ,DESP. PRODUCAO   
7/23/2025,,PES-6F45,POSTO IPIRANGAO LTDA,1171440,1171953,513,"300,00","1,71","0,00","0,00","R$ 0,00 ","R$ 1.647,00 ",COMBUSTIVEL ,DESP. PRODUCAO   
7/24/2025,,PFB-2A13,CEMOPEL CM PETROLEO LTDA,1085940,1086480,540,"166,20","3,25","0,00","0,00","R$ 0,00 ","R$ 912,44 ",COMBUSTIVEL ,DESP. PRODUCAO   
7/24/2025,,QQN-8J78,HD PETROLEO LAGOA LTDA,639425,640688,1263,"250,00","5,05","0,00","0,00","R$ 0,00 ","R$ 1.387,50 ",COMBUSTIVEL ,DESP. PRODUCAO   
7/25/2025,,PES-6F45,AUTO POSTO POLO LTDA,1171953,1172750,797,"300,00","2,66","0,00","0,00","R$ 0,00 ","R$ 1.647,00 ",COMBUSTIVEL ,DESP. PRODUCAO   
7/26/2025,,SNO-6F99,AUTO POSTO DE COMBUSTIVEIS RIBEIRAO LTDA,182055,182960,905,"387,00","2,34","0,00","0,00","R$ 0,00 ","R$ 2.124,63 ",COMBUSTIVEL ,DESP. PRODUCAO   
7/26/2025,,SNO-6F99,GF COMERCIO DE DERIVADOS DE PETROLEO LTDA,182960,183887,927,"297,00","3,12","0,00","0,00","R$ 0,00 ","R$ 1.651,34 ",COMBUSTIVEL ,DESP. PRODUCAO   
7/26/2025,,QQN-8J78,POSTO DO SERTAO CUSTODIA LTDA,640688,641467,779,"200,00","3,89","0,00","0,00","R$ 0,00 ","R$ 1.080,00 ",COMBUSTIVEL ,DESP. PRODUCAO   
7/28/2025,,PES-6F45,AUTO POSTO POLO LTDA,1172750,1173311,561,"295,64","1,90","0,00","0,00","R$ 0,00 ","R$ 1.623,06 ",COMBUSTIVEL ,DESP. PRODUCAO   
7/28/2025,,QIZ-3E10,AUTO POSTO ALVARES E DUTRA COMERCIO DE COMBUSTIVEIS LTDA,603872,605636,1764,"594,00","2,97","0,00","0,00","R$ 0,00 ","R$ 3.261,07 ",COMBUSTIVEL ,DESP. PRODUCAO   
7/29/2025,,SOC-0G05,VILA JARDIM COMERCIO DE COMBUSTIVEL LTDA,133537,134193,656,"200,00","3,28","0,00","0,00","R$ 0,00 ","R$ 1.098,00 ",COMBUSTIVEL ,DESP. PRODUCAO   
7/29/2025,,SNO-6F99,POSTO SAO ROQUE CERRADAO LTDA,183887,184949,1062,"200,00","5,31","0,00","0,00","R$ 0,00 ","R$ 1.188,00 ",COMBUSTIVEL ,DESP. PRODUCAO   
7/30/2025,,SNO-6F99,GF COMERCIO DE DERIVADOS DE PETROLEO LTDA,184949,185544,595,"500,00","1,19","0,00","0,00","R$ 0,00 ","R$ 2.780,00 ",COMBUSTIVEL ,DESP. PRODUCAO   
7/30/2025,,PES-6F45,AUTO POSTO DE COMBUSTIVEIS RIBEIRAO LTDA,1173311,1174250,939,"300,10","3,13","0,00","0,00","R$ 0,00 ","R$ 1.677,53 ",COMBUSTIVEL ,DESP. PRODUCAO   
7/31/2025,,SNO-6F99,AUTO POSTO DE COMBUSTIVEIS RIBEIRAO LTDA,185544,186477,933,"530,29","1,76","0,00","0,00","R$ 0,00 ","R$ 2.964,33 ",COMBUSTIVEL ,DESP. PRODUCAO   
8/1/2025,,PFB-2A13,CEMOPEL CM PETROLEO LTDA,1086480,1087281,801,"200,00","4,01","0,00","0,00","R$ 0,00 ","R$ 1.118,00 ",COMBUSTIVEL ,DESP. PRODUCAO   
8/1/2025,,PES-6F45,MARIAH COMERCIO DE COMBUSTIVEIS LTDA,1174250,1174803,553,"300,00","1,84","0,00","0,00","R$ 0,00 ","R$ 1.677,00 ",COMBUSTIVEL ,DESP. PRODUCAO   
8/1/2025,,SOC-0G05,CEMOPEL CM PETROLEO LTDA,134193,134749,556,"200,00","2,78","0,00","0,00","R$ 0,00 ","R$ 1.118,00 ",COMBUSTIVEL ,DESP. PRODUCAO   
8/2/2025,,QIZ-3E10,MARIAH COMERCIO DE COMBUSTIVEIS LTDA,605636,607352,1716,"300,00","5,72","0,00","0,00","R$ 0,00 ","R$ 1.677,00 ",COMBUSTIVEL ,DESP. PRODUCAO   
8/4/2025,,QIZ-3E10,AUTO POSTO DE COMBUSTIVEIS RIBEIRAO LTDA,607352,607914,562,"527,66","1,07","0,00","0,00","R$ 0,00 ","R$ 2.949,62 ",COMBUSTIVEL ,DESP. PRODUCAO   
8/4/2025,,EGJ-4B71,AUTO POSTO ALVARES E DUTRA COMERCIO DE COMBUSTIVEIS LTDA,67,541,474,"181,56","2,61","0,00","0,00","R$ 0,00 ","R$ 1.014,92 ",COMBUSTIVEL ,DESP. PRODUCAO   
8/4/2025,,SOC-0G05,MARIAH COMERCIO DE COMBUSTIVEIS LTDA,134749,134875,126,"448,52","0,28","0,00","0,00","R$ 0,00 ","R$ 2.507,23 ",COMBUSTIVEL ,DESP. PRODUCAO   
8/4/2025,,SNO-6F99,ALTO POSTO PASSA E FICA LTDA,186477,187049,572,"200,03","2,86","0,00","0,00","R$ 0,00 ","R$ 1.090,16 ",COMBUSTIVEL ,DESP. PRODUCAO   
8/4/2025,,PES-6F45,MARIAH COMERCIO DE COMBUSTIVEIS LTDA,1174803,1175371,568,"474,15","1,20","0,00","0,00","R$ 0,00 ","R$ 2.650,50 ",COMBUSTIVEL ,DESP. PRODUCAO   
8/5/2025,,SOC-0G05,RPMP COMERCIO DE COMBUSTIVEIS LTDA,134875,135600,725,"187,32","3,87","0,00","0,00","R$ 0,00 ","R$ 1.030,26 ",COMBUSTIVEL ,DESP. PRODUCAO   
8/6/2025,,SNO-6F99,ALTO POSTO PASSA E FICA LTDA,187049,187923,874,"508,00","1,72","0,00","0,00","R$ 0,00 ","R$ 2.768,60 ",COMBUSTIVEL ,DESP. PRODUCAO   
8/6/2025,,PFB-2A13,CEMOPEL CM PETROLEO LTDA,1087281,1087937,656,"230,77","2,84","0,00","0,00","R$ 0,00 ","R$ 1.290,00 ",COMBUSTIVEL ,DESP. PRODUCAO   
8/7/2025,,SOC-0G05,POEIRAO MEGA POSTO DE COMBUSTIVEIS LTDA,135600,137109,1509,"200,00","7,55","0,00","0,00","R$ 0,00 ","R$ 1.188,00 ",COMBUSTIVEL ,DESP. PRODUCAO   
8/7/2025,,SNO-6F99,AUTO POSTO DE COMBUSTIVEIS RIBEIRAO LTDA,187923,188435,512,"276,87","1,85","0,00","0,00","R$ 0,00 ","R$ 1.520,04 ",COMBUSTIVEL ,DESP. PRODUCAO   
8/8/2025,,QIZ-3E10,VILA DE GOIANA COMERCIO DE COMBUSTIVEIS LTDA,607914,609635,1721,"581,00","2,96","0,00","0,00","R$ 0,00 ","R$ 3.236,17 ",COMBUSTIVEL ,DESP. PRODUCAO   
8/8/2025,,PEL-9J12,CEMOPEL CM PETROLEO LTDA,600641,602384,1743,"200,00","8,72","0,00","0,00","R$ 0,00 ","R$ 1.118,00 ",COMBUSTIVEL ,DESP. PRODUCAO   
8/8/2025,,SOC-0G05,TORRES COMERCIO E DERIVADOS DE PETROLEO LTDA,137109,137773,664,"576,12","1,15","0,00","0,00","R$ 0,00 ","R$ 3.162,90 ",COMBUSTIVEL ,DESP. PRODUCAO   
8/9/2025,,SNO-6F99,NOVA CANDEIAS COMERCIO DE COMBUSTIVEL LTDA,188435,189155,720,"245,96","2,93","0,00","0,00","R$ 0,00 ","R$ 1.345,42 ",COMBUSTIVEL ,DESP. PRODUCAO   
8/10/2025,,SNO-6F99,GF COMERCIO DE DERIVADOS DE PETROLEO LTDA,189155,189467,312,"106,06","2,94","0,00","0,00","R$ 0,00 ","R$ 600,28 ",COMBUSTIVEL ,DESP. PRODUCAO   
8/11/2025,,QIZ-3E10,MARIAH COMERCIO DE COMBUSTIVEIS LTDA,609635,611417,1782,"300,00","5,94","0,00","0,00","R$ 0,00 ","R$ 1.647,00 ",COMBUSTIVEL ,DESP. PRODUCAO   
8/12/2025,,EGJ-4B71,POSTO SAO CRISTOVAO LTDA,541,1329,788,"150,00","5,25","0,00","0,00","R$ 0,00 ","R$ 838,50 ",COMBUSTIVEL ,DESP. PRODUCAO   
8/12/2025,,RCP-3F78,VILA JARDIM COMERCIO DE COMBUSTIVEL LTDA,516981,519065,2084,"200,00","10,42","0,00","0,00","R$ 0,00 ","R$ 1.118,00 ",COMBUSTIVEL ,DESP. PRODUCAO   
8/12/2025,,SOC-0G05,REDE JG MAC COMERCIO DE COMBUSTIVEIS LTDA,137773,139245,1472,"100,00","14,72","0,00","0,00","R$ 0,00 ","R$ 569,00 ",COMBUSTIVEL ,DESP. PRODUCAO   
8/12/2025,,SOC-0G05,M. SAO JOAO COMERCIO DE COMBUSTIVEL LTDA,139245,139417,172,"150,00","1,15","0,00","0,00","R$ 0,00 ","R$ 849,00 ",COMBUSTIVEL ,DESP. PRODUCAO   
8/12/2025,,SNO-6F99,GF COMERCIO DE DERIVADOS DE PETROLEO LTDA,189467,191122,1655,"500,00","3,31","0,00","0,00","R$ 0,00 ","R$ 2.830,00 ",COMBUSTIVEL ,DESP. PRODUCAO   
8/13/2025,,QIZ-3E10,GAM COMERCIO DE COMBUSTIVEIS LTDA,611417,612357,940,"300,00","3,13","0,00","0,00","R$ 0,00 ","R$ 1.677,00 ",COMBUSTIVEL ,DESP. PRODUCAO   
8/13/2025,,SOC-0G05,W.S. COMERCIO DE DERIVADO DE PETROLEO E LUBRIFICANTES LTDA,139417,139739,322,"300,00","1,07","0,00","0,00","R$ 0,00 ","R$ 1.722,00 ",COMBUSTIVEL ,DESP. PRODUCAO   
8/14/2025,,SOC-0G05,MARIAH COMERCIO DE COMBUSTIVEIS LTDA,139739,140249,510,"427,38","1,19","0,00","0,00","R$ 0,00 ","R$ 2.324,95 ",COMBUSTIVEL ,DESP. PRODUCAO   
8/15/2025,,SOC-0G05,RPMP COMERCIO DE COMBUSTIVEIS LTDA,140249,140969,720,"176,34","4,08","0,00","0,00","R$ 0,00 ","R$ 968,08 ",COMBUSTIVEL ,DESP. PRODUCAO   
8/17/2025,,SOC-0G05,REDE DOM PEDRO DE POSTOS LTDA.,140969,142386,1417,"200,00","7,09","0,00","0,00","R$ 0,00 ","R$ 1.178,00 ",COMBUSTIVEL ,DESP. PRODUCAO   
8/17/2025,,SNO-6F99,ALTO POSTO PASSA E FICA LTDA,192238,192500,262,"590,54","0,44","0,00","0,00","R$ 0,00 ","R$ 3.212,54 ",COMBUSTIVEL ,DESP. PRODUCAO   
8/17/2025,,QIZ-3E10,ECO POSTO VITORIA COMERCIO DE COMBUSTIVEIS LTDA,612357,613097,740,"534,68","1,38","0,00","0,00","R$ 0,00 ","R$ 2.935,39 ",COMBUSTIVEL ,DESP. PRODUCAO   
8/17/2025,,SNO-6F99,AUTO POSTO DE COMBUSTIVEIS CAAPORA LTDA,191122,192238,1116,"250,00","4,46","0,00","0,00","R$ 0,00 ","R$ 1.392,50 ",COMBUSTIVEL ,DESP. PRODUCAO   
8/18/2025,,PFB-2A13,CEMOPEL CM PETROLEO LTDA,1087937,1088695,758,"100,00","7,58","0,00","0,00","R$ 0,00 ","R$ 559,00 ",COMBUSTIVEL ,DESP. PRODUCAO   
8/18/2025,,RCP-3F78,AUTO POSTO ALVARES E DUTRA COMERCIO DE COMBUSTIVEIS LTDA,519065,519429,364,"200,00","1,82","0,00","0,00","R$ 0,00 ","R$ 1.098,00 ",COMBUSTIVEL ,DESP. PRODUCAO   
8/18/2025,,SOC-0G05,TORRES COMERCIO E DERIVADOS DE PETROLEO LTDA,142386,143145,759,"578,92","1,31","0,00","0,00","R$ 0,00 ","R$ 3.155,10 ",COMBUSTIVEL ,DESP. PRODUCAO   
8/19/2025,,PFB-2A13,AUTO POSTO ALVARES E DUTRA COMERCIO DE COMBUSTIVEIS LTDA,1088695,1088767,72,"100,00","0,72","0,00","0,00","R$ 0,00 ","R$ 544,00 ",COMBUSTIVEL ,DESP. PRODUCAO   
8/19/2025,,SNO-6F99,ALTO POSTO PASSA E FICA LTDA,192500,193430,930,"490,07","1,90","0,00","0,00","R$ 0,00 ","R$ 2.665,98 ",COMBUSTIVEL ,DESP. PRODUCAO   
8/19/2025,,QIZ-3E10,HD PETROLEO CAXIAS LTDA,613097,614443,1346,"509,00","2,64","0,00","0,00","R$ 0,00 ","R$ 2.794,43 ",COMBUSTIVEL ,DESP. PRODUCAO   
8/20/2025,,RCP-3F78,ALBUQUERQUE PNEUS LTDA,519429,520675,1246,"100,00","12,46","0,00","0,00","R$ 0,00 ","R$ 559,00 ",COMBUSTIVEL ,DESP. PRODUCAO   
8/20/2025,,SNO-6F99,AUTO POSTO ALVARES E DUTRA COMERCIO DE COMBUSTIVEIS LTDA,193430,193912,482,"245,40","1,96","0,00","0,00","R$ 0,00 ","R$ 1.334,98 ",COMBUSTIVEL ,DESP. PRODUCAO   
8/21/2025,,RCP-3F78,AUTO POSTO ALVARES E DUTRA COMERCIO DE COMBUSTIVEIS LTDA,520675,520793,118,"200,00","0,59","0,00","0,00","R$ 0,00 ","R$ 1.098,00 ",COMBUSTIVEL ,DESP. PRODUCAO   
8/21/2025,,QIZ-3E10,AUTO POSTO DE COMBUSTIVEIS CAAPORA LTDA,614443,615799,1356,"380,41","3,56","0,00","0,00","R$ 0,00 ","R$ 2.118,86 ",COMBUSTIVEL ,DESP. PRODUCAO   
8/22/2025,,SOC-0G05,MARIAH COMERCIO DE COMBUSTIVEIS LTDA,143145,144116,971,"437,49","2,22","0,00","0,00","R$ 0,00 ","R$ 2.379,95 ",COMBUSTIVEL ,DESP. PRODUCAO   
8/23/2025,,SNO-6F99,AUTO POSTO DE COMBUSTIVEIS RIBEIRAO LTDA,193912,195284,1372,"300,00","4,57","0,00","0,00","R$ 0,00 ","R$ 1.632,00 ",COMBUSTIVEL ,DESP. PRODUCAO   
8/23/2025,,PEL-9J12,MARIAH COMERCIO DE COMBUSTIVEIS LTDA,602384,602784,400,"300,00","1,33","0,00","0,00","R$ 0,00 ","R$ 1.632,00 ",COMBUSTIVEL ,DESP. PRODUCAO   
8/23/2025,,SOC-0G05,RPMP COMERCIO DE COMBUSTIVEIS LTDA,144116,144836,720,"173,14","4,16","0,00","0,00","R$ 0,00 ","R$ 962,68 ",COMBUSTIVEL ,DESP. PRODUCAO   
8/24/2025,,QQN-8J78,MARIAH COMERCIO DE COMBUSTIVEIS LTDA,641467,643935,2468,"461,24","5,35","0,00","0,00","R$ 0,00 ","R$ 2.509,15 ",COMBUSTIVEL ,DESP. PRODUCAO   
8/24/2025,,PFB-2A13,AUTO POSTO DE COMBUSTIVEIS RIBEIRAO LTDA,1088767,1089340,573,"223,01","2,57","0,00","0,00","R$ 0,00 ","R$ 1.213,17 ",COMBUSTIVEL ,DESP. PRODUCAO   
8/25/2025,,EGJ-4B71,CEMOPEL CM PETROLEO LTDA,1329,1949,620,"225,87","2,74","0,00","0,00","R$ 0,00 ","R$ 1.262,61 ",COMBUSTIVEL ,DESP. PRODUCAO   
8/25/2025,,RCP-3F78,VILA JARDIM COMERCIO DE COMBUSTIVEL LTDA,520793,521598,805,"200,00","4,03","0,00","0,00","R$ 0,00 ","R$ 1.118,00 ",COMBUSTIVEL ,DESP. PRODUCAO   
8/25/2025,,QIZ-3E10,VILA JARDIM COMERCIO DE COMBUSTIVEL LTDA,615799,617520,1721,"100,00","17,21","0,00","0,00","R$ 0,00 ","R$ 559,00 ",COMBUSTIVEL ,DESP. PRODUCAO   
8/26/2025,,SOC-0G05,BAHIA PIAUI COMBUSTIVEIS LTDA,144836,146411,1575,"400,00","3,94","0,00","0,00","R$ 88,00 ","R$ 2.348,00 ",COMBUSTIVEL ,DESP. PRODUCAO   
8/26/2025,,PES-6F45,VILA JARDIM COMERCIO DE COMBUSTIVEL LTDA,1175371,1177410,2039,"100,00","20,39","0,00","0,00","R$ 0,00 ","R$ 559,00 ",COMBUSTIVEL ,DESP. PRODUCAO   
8/26/2025,,QQN-8J78,GF COMERCIO DE DERIVADOS DE PETROLEO LTDA,643935,644942,1007,"441,08","2,28","0,00","0,00","R$ 0,00 ","R$ 2.465,65 ",COMBUSTIVEL ,DESP. PRODUCAO   
8/27/2025,,SOC-0G05,BRAND PETROLEO LTDA,146411,146986,575,"360,84","1,59","0,00","0,00","R$ 0,00 ","R$ 2.024,31 ",COMBUSTIVEL ,DESP. PRODUCAO   
8/27/2025,,RCP-3F78,VILA JARDIM COMERCIO DE COMBUSTIVEL LTDA,521598,522523,925,"200,00","4,63","0,00","0,00","R$ 0,00 ","R$ 1.118,00 ",COMBUSTIVEL ,DESP. PRODUCAO   
8/28/2025,,PFB-2A13,REDE DE POSTOS PRESIDENTE LTDA,1089340,1090075,735,"100,00","7,35","0,00","0,00","R$ 0,00 ","R$ 599,03 ",COMBUSTIVEL ,DESP. PRODUCAO   
8/28/2025,,PFB-2A13,DIESEL DISTRIBUIDORA E SERVICOS LTDA,1090075,1090522,447,"50,00","8,94","0,00","0,00","R$ 0,00 ","R$ 310,00 ",COMBUSTIVEL ,DESP. PRODUCAO   
8/28/2025,,QIZ-3E10,VILA JARDIM COMERCIO DE COMBUSTIVEL LTDA,617520,617802,282,"200,00","1,41","0,00","0,00","R$ 0,00 ","R$ 1.118,00 ",COMBUSTIVEL ,DESP. PRODUCAO   
8/28/2025,,QQN-8J78,POSTO DE COMBUSTIVEL ALTO DA SERRA LTDA,644942,646339,1397,"200,00","6,99","0,00","0,00","R$ 0,00 ","R$ 1.196,00 ",COMBUSTIVEL ,DESP. PRODUCAO   
8/28/2025,,SOC-0G05,SOBRAL & PALACIO PETROLEO LTDA,146986,148000,1014,"492,04","2,06","0,00","0,00","R$ 0,00 ","R$ 2.676,68 ",COMBUSTIVEL ,DESP. PRODUCAO   
8/29/2025,,EGJ-4B71,VILA JARDIM COMERCIO DE COMBUSTIVEL LTDA,1949,2928,979,"248,05","3,95","0,00","0,00","R$ 0,00 ","R$ 1.361,79 ",COMBUSTIVEL ,DESP. PRODUCAO   
8/29/2025,,QQN-8J78,GF COMERCIO DE DERIVADOS DE PETROLEO LTDA,646339,646657,318,"465,38","0,68","0,00","0,00","R$ 0,00 ","R$ 2.601,50 ",COMBUSTIVEL ,DESP. PRODUCAO   
8/30/2025,,PEL-9J12,VILA JARDIM COMERCIO DE COMBUSTIVEL LTDA,602784,603340,556,"200,00","2,78","0,00","0,00","R$ 0,00 ","R$ 1.098,00 ",COMBUSTIVEL ,DESP. PRODUCAO   
8/30/2025,,PES-6F45,MARIAH COMERCIO DE COMBUSTIVEIS LTDA,1177410,1177668,258,"605,08","0,43","0,00","0,00","R$ 0,00 ","R$ 3.261,38 ",COMBUSTIVEL ,DESP. PRODUCAO   